"Fecha","Último","Apertura","Máximo","Mínimo","Vol.","% var."
"08.07.2020","42.747,55","42.497,60","43.247,83","42.457,46","-","0,59%"
"07.07.2020","42.497,60","43.339,69","43.339,69","41.913,34","-","-1,94%"
"06.07.2020","43.339,69","39.758,20","43.571,75","39.758,20","-","9,01%"
"03.07.2020","39.758,20","39.500,85","39.914,41","39.417,55","-","0,65%"
"02.07.2020","39.500,85","39.846,74","40.786,31","39.317,28","-","-0,87%"
"01.07.2020","39.846,74","38.686,69","39.919,70","38.686,69","-","3,00%"
"30.06.2020","38.686,69","40.308,11","40.328,73","38.409,77","-","-4,02%"
"29.06.2020","40.308,11","40.589,89","41.450,78","39.983,38","-","-0,69%"
"26.06.2020","40.589,89","41.996,65","42.001,93","40.492,04","-","-3,35%"
"25.06.2020","41.996,65","40.435,34","42.147,22","40.435,34","-","3,86%"
"24.06.2020","40.435,34","40.803,56","40.939,55","40.086,93","-","-0,90%"
"23.06.2020","40.803,56","40.344,32","41.468,28","40.344,32","-","1,14%"
"22.06.2020","40.344,32","40.951,45","41.215,70","39.293,47","-","-1,48%"
"19.06.2020","40.951,45","37.990,59","41.116,72","37.990,59","-","7,79%"
"18.06.2020","37.990,59","40.471,15","40.471,15","37.896,09","-","-6,13%"
"17.06.2020","40.471,15","42.686,08","42.863,67","40.414,85","-","-5,19%"
"16.06.2020","42.686,08","43.434,70","44.673,92","42.591,86","-","-1,68%"
"12.06.2020","43.417,15","43.057,94","44.871,42","42.381,56","-","0,83%"
"11.06.2020","43.057,94","46.476,07","46.476,07","42.632,53","-","-7,35%"
"10.06.2020","46.476,07","46.471,06","47.047,90","44.829,88","-","0,01%"
"09.06.2020","46.471,06","48.881,18","48.881,18","45.666,22","-","-4,93%"
"08.06.2020","48.881,18","45.128,75","48.988,82","45.128,75","-","8,31%"
"05.06.2020","45.128,75","43.676,18","45.435,58","43.676,18","-","3,33%"
"04.06.2020","43.676,18","43.853,06","44.021,34","43.115,06","-","-0,40%"
"03.06.2020","43.853,06","42.037,56","44.139,94","42.037,56","-","4,32%"
"02.06.2020","42.037,56","40.016,98","42.085,59","40.016,98","-","5,05%"
"01.06.2020","40.016,98","37.824,73","40.054,38","37.824,73","-","5,80%"
"29.05.2020","37.824,73","38.985,82","39.139,13","37.532,10","-","-2,98%"
"28.05.2020","38.985,82","40.431,57","40.512,99","38.869,03","-","-3,58%"
"27.05.2020","40.431,57","41.079,29","41.218,89","39.592,09","-","-1,53%"
"26.05.2020","41.060,27","40.962,74","42.026,68","40.962,74","-","0,24%"
"22.05.2020","40.962,74","41.388,50","41.897,13","40.241,40","-","-1,03%"
"21.05.2020","41.388,50","39.809,16","41.515,49","39.732,38","-","3,97%"
"20.05.2020","39.809,16","39.388,72","40.199,64","38.949,24","-","1,07%"
"19.05.2020","39.388,72","40.286,72","40.286,72","39.247,16","-","-2,23%"
"18.05.2020","40.286,72","39.388,33","41.098,47","39.388,33","-","2,28%"
"15.05.2020","39.388,33","39.225,67","40.621,95","38.958,88","-","0,41%"
"14.05.2020","39.225,67","37.842,81","39.413,13","37.286,20","-","3,65%"
"13.05.2020","37.842,81","39.133,71","39.133,71","37.334,53","-","-3,30%"
"12.05.2020","39.133,71","38.581,60","40.729,12","38.581,60","-","1,43%"
"11.05.2020","38.581,60","36.196,46","38.614,68","35.358,24","-","6,63%"
"08.05.2020","36.183,90","35.850,21","37.178,57","35.850,21","-","0,93%"
"07.05.2020","35.850,21","34.158,89","36.272,90","34.041,45","-","4,95%"
"06.05.2020","34.158,89","33.546,52","34.523,63","32.836,44","-","1,83%"
"05.05.2020","33.546,52","32.387,28","33.606,42","32.387,28","-","3,58%"
"04.05.2020","32.387,28","32.742,84","32.742,84","31.215,73","-","-1,09%"
"30.04.2020","32.742,84","33.185,05","33.667,07","32.322,30","-","-1,33%"
"29.04.2020","33.185,05","33.064,84","33.977,20","32.362,86","-","0,36%"
"28.04.2020","33.064,84","29.986,23","33.093,63","29.986,23","-","10,27%"
"27.04.2020","29.986,23","29.258,10","30.058,96","28.973,67","-","2,49%"
"24.04.2020","29.258,10","30.378,94","30.378,94","28.406,01","-","-3,69%"
"23.04.2020","30.378,94","30.554,88","30.951,79","30.122,03","-","-0,58%"
"22.04.2020","30.554,88","30.237,08","30.935,37","30.237,08","-","1,05%"
"21.04.2020","30.237,08","30.535,73","30.585,32","30.098,70","-","-0,98%"
"20.04.2020","30.535,73","29.883,27","30.662,46","29.712,11","-","2,18%"
"17.04.2020","29.883,27","30.077,72","31.012,04","29.557,43","-","-0,65%"
"16.04.2020","30.077,72","32.070,67","32.070,67","29.600,47","-","-6,21%"
"15.04.2020","32.070,67","30.781,55","32.110,58","29.419,97","-","4,19%"
"14.04.2020","30.781,55","28.880,64","31.110,49","28.880,64","-","6,58%"
"13.04.2020","28.880,64","28.017,59","28.903,00","27.318,15","-","3,08%"
"08.04.2020","28.017,59","26.696,10","28.071,95","26.696,10","-","4,95%"
"07.04.2020","26.696,10","26.922,59","27.969,41","26.545,84","-","-0,84%"
"06.04.2020","26.922,59","26.505,41","27.493,22","26.335,15","-","1,57%"
"03.04.2020","26.505,41","26.003,28","26.566,15","25.684,47","-","1,93%"
"02.04.2020","26.003,28","25.331,30","26.082,38","25.200,66","-","2,68%"
"01.04.2020","25.324,28","24.384,24","25.384,04","24.384,24","-","3,86%"
"30.03.2020","24.384,24","24.058,60","24.454,72","23.590,53","-","1,35%"
"27.03.2020","24.058,60","25.483,94","25.483,94","24.038,86","-","-5,59%"
"26.03.2020","25.483,94","26.338,03","27.769,18","25.322,32","-","-3,24%"
"25.03.2020","26.338,03","23.890,35","26.591,59","23.890,35","-","10,25%"
"20.03.2020","23.890,35","22.666,11","25.193,62","22.666,11","-","5,45%"
"19.03.2020","22.656,43","22.087,13","23.469,56","22.087,13","-","2,58%"
"18.03.2020","22.087,13","25.823,47","25.823,47","21.738,62","-","-14,47%"
"17.03.2020","25.823,47","25.697,51","26.262,52","24.965,08","-","0,49%"
"16.03.2020","25.697,51","28.447,97","28.447,97","25.400,37","-","-9,67%"
"13.03.2020","28.447,97","28.351,89","29.876,00","27.779,58","-","0,34%"
"12.03.2020","28.351,89","31.419,60","31.419,60","28.113,43","-","-9,76%"
"11.03.2020","31.419,60","32.832,26","32.832,26","30.914,74","-","-4,30%"
"10.03.2020","32.832,26","30.379,90","33.077,35","30.379,90","-","8,07%"
"09.03.2020","30.379,90","35.222,43","35.222,43","30.241,54","-","-13,75%"
"06.03.2020","35.222,43","36.772,20","36.772,20","35.204,34","-","-4,21%"
"05.03.2020","36.772,20","37.243,36","37.277,35","36.465,73","-","-1,27%"
"04.03.2020","37.243,36","35.999,22","37.301,03","35.999,22","-","3,46%"
"03.03.2020","35.999,22","36.253,25","37.513,90","35.859,95","-","-0,70%"
"02.03.2020","36.253,25","34.973,18","36.489,05","34.963,65","-","3,66%"
"28.02.2020","34.973,18","35.387,05","35.387,05","34.051,73","-","-1,17%"
"27.02.2020","35.387,05","36.422,24","36.422,24","34.785,42","-","-2,84%"
"26.02.2020","36.422,24","38.602,48","38.602,48","36.061,98","-","-5,65%"
"21.02.2020","38.602,48","38.961,41","39.418,07","38.403,20","-","-0,92%"
"20.02.2020","38.961,41","38.390,84","39.266,77","38.201,33","-","1,49%"
"19.02.2020","38.390,84","38.156,95","39.015,46","38.156,95","-","0,61%"
"18.02.2020","38.156,95","39.200,25","39.200,25","37.976,85","-","-2,66%"
"17.02.2020","39.200,25","38.647,68","39.288,78","38.600,65","-","1,43%"
"14.02.2020","38.647,68","38.669,46","39.129,16","38.061,19","-","-0,06%"
"13.02.2020","38.669,46","39.936,15","39.936,15","37.967,97","-","-3,17%"
"12.02.2020","39.936,15","39.824,50","40.408,50","39.527,94","-","0,28%"
"11.02.2020","39.824,50","41.052,95","41.052,95","39.588,99","-","-2,99%"
"10.02.2020","41.052,95","41.213,89","41.568,02","40.820,05","-","-0,39%"
"07.02.2020","41.213,89","40.906,09","41.438,92","40.810,53","-","0,75%"
"06.02.2020","40.906,09","40.767,10","41.409,13","40.553,82","-","0,34%"
"05.02.2020","40.767,10","41.033,79","41.377,16","40.736,86","-","-0,65%"
"04.02.2020","41.033,79","41.577,06","42.694,72","40.453,44","-","-1,31%"
"03.02.2020","41.577,06","40.105,04","41.662,26","40.105,04","-","3,67%"
"31.01.2020","40.105,04","40.394,95","40.893,88","39.558,81","-","-0,72%"
"30.01.2020","40.394,95","40.341,42","40.606,68","39.818,62","-","0,13%"
"29.01.2020","40.341,42","40.829,70","41.628,76","40.287,01","-","-1,20%"
"28.01.2020","40.829,70","39.604,57","40.982,15","39.604,57","-","3,09%"
"27.01.2020","39.604,57","39.917,82","39.917,82","38.761,21","-","-0,78%"
"24.01.2020","39.917,82","41.140,21","41.395,36","39.665,14","-","-2,97%"
"23.01.2020","41.140,21","42.002,34","42.258,23","41.094,19","-","-2,05%"
"22.01.2020","42.002,34","41.485,86","42.092,33","41.230,53","-","1,24%"
"21.01.2020","41.485,86","43.054,01","43.191,06","41.341,43","-","-3,64%"
"20.01.2020","43.054,01","42.339,82","43.177,59","42.339,82","-","1,69%"
"17.01.2020","42.339,82","42.362,34","43.069,65","42.298,39","-","-0,05%"
"16.01.2020","42.362,34","41.246,19","42.397,27","41.246,19","-","2,71%"
"15.01.2020","41.246,19","41.633,73","42.264,25","40.995,21","-","-0,93%"
"14.01.2020","41.633,73","42.017,78","42.110,87","40.789,40","-","-0,91%"
"13.01.2020","42.017,78","42.740,38","42.921,14","41.970,73","-","-1,69%"
"10.01.2020","42.740,38","42.035,70","42.874,20","42.035,70","-","1,68%"
"09.01.2020","42.035,70","41.016,02","42.084,03","40.832,06","-","2,49%"
"08.01.2020","41.016,02","41.115,71","41.264,05","40.552,34","-","-0,24%"
"07.01.2020","41.115,71","41.469,66","41.961,16","40.693,76","-","-0,85%"
"06.01.2020","41.469,66","40.499,15","41.524,99","40.206,92","-","2,40%"
"03.01.2020","40.499,15","41.106,97","41.106,97","39.992,35","-","-1,48%"
"02.01.2020","41.106,97","41.671,41","42.136,52","40.794,48","-","-1,35%"
"30.12.2019","41.671,41","41.681,93","41.974,56","40.564,93","-","-0,03%"
"27.12.2019","41.681,93","42.278,51","43.368,92","41.402,06","-","-1,41%"
"26.12.2019","42.278,51","39.915,25","42.975,45","39.915,25","-","5,92%"
"23.12.2019","39.915,25","38.632,41","40.041,51","38.629,28","-","3,32%"
"20.12.2019","38.632,41","38.083,01","38.736,87","38.083,01","-","1,44%"
"19.12.2019","38.083,01","37.620,22","39.065,64","37.620,22","-","1,23%"
"18.12.2019","37.620,22","36.918,84","38.598,53","36.909,62","-","1,90%"
"17.12.2019","36.918,84","37.620,08","37.805,57","36.369,46","-","-1,86%"
"16.12.2019","37.620,08","36.769,59","37.925,30","36.769,59","-","2,31%"
"13.12.2019","36.769,59","35.504,63","37.274,61","35.504,63","-","3,56%"
"12.12.2019","35.504,63","35.019,54","35.697,74","34.635,36","-","1,39%"
"11.12.2019","35.019,54","34.657,44","35.085,31","34.173,95","-","1,04%"
"10.12.2019","34.657,44","36.409,07","36.780,22","34.620,69","-","-4,81%"
"09.12.2019","36.409,07","36.561,95","37.350,23","36.121,66","-","-0,42%"
"06.12.2019","36.561,95","35.443,05","36.736,20","35.443,05","-","3,16%"
"05.12.2019","35.443,05","34.691,63","35.466,19","34.085,63","-","2,17%"
"04.12.2019","34.691,63","32.756,73","34.736,69","32.737,81","-","5,91%"
"03.12.2019","32.756,73","33.038,49","33.488,21","32.587,88","-","-2,06%"
"02.12.2019","33.446,93","34.500,21","34.501,37","33.387,69","-","-3,05%"
"29.11.2019","34.500,21","34.249,29","34.560,97","34.030,66","-","0,82%"
"28.11.2019","34.219,79","33.929,74","34.453,02","33.883,45","-","0,85%"
"27.11.2019","33.929,74","32.113,27","33.990,89","32.113,27","-","5,66%"
"26.11.2019","32.113,27","33.494,72","33.780,65","31.970,89","-","-4,12%"
"25.11.2019","33.494,72","33.588,83","34.097,97","33.389,03","-","-0,28%"
"22.11.2019","33.588,83","33.247,39","34.098,38","33.247,39","-","1,03%"
"21.11.2019","33.247,39","33.421,12","34.049,45","33.023,76","-","-0,52%"
"20.11.2019","33.421,12","32.252,78","33.697,43","32.252,78","-","3,62%"
"19.11.2019","32.252,78","31.851,61","32.294,14","30.643,31","-","1,26%"
"15.11.2019","31.851,61","31.019,69","32.057,63","30.434,39","-","2,68%"
"14.11.2019","31.019,69","32.340,70","32.743,01","30.715,51","-","-4,08%"
"13.11.2019","32.340,70","33.430,14","33.595,41","32.148,93","-","-3,26%"
"12.11.2019","33.430,14","33.661,11","34.177,01","32.672,75","-","-0,69%"
"11.11.2019","33.661,11","34.131,05","34.624,62","33.534,99","-","-1,38%"
"08.11.2019","34.131,05","35.869,21","36.291,15","34.024,49","-","-4,85%"
"07.11.2019","35.869,21","35.500,49","36.013,64","35.373,64","-","1,04%"
"06.11.2019","35.500,49","36.869,96","37.054,86","35.352,08","-","-3,71%"
"05.11.2019","36.869,96","37.278,54","37.646,74","36.210,96","-","-1,10%"
"04.11.2019","37.278,54","35.743,04","37.423,55","35.743,04","-","4,30%"
"01.11.2019","35.743,04","35.023,97","36.031,72","35.023,97","-","2,14%"
"31.10.2019","34.995,20","33.889,03","35.051,08","33.889,03","-","3,26%"
"30.10.2019","33.889,03","32.544,20","33.932,92","32.172,96","-","4,13%"
"29.10.2019","32.544,20","33.177,16","33.620,31","32.179,99","-","-1,91%"
"28.10.2019","33.177,16","34.522,25","36.775,00","32.649,42","-","-3,90%"
"25.10.2019","34.522,25","33.476,16","35.526,93","33.476,16","-","3,12%"
"24.10.2019","33.476,16","32.775,14","33.504,30","32.068,13","-","2,14%"
"23.10.2019","32.775,14","33.262,64","33.752,09","31.915,50","-","-1,47%"
"22.10.2019","33.262,64","32.550,73","33.631,07","32.360,86","-","2,19%"
"21.10.2019","32.550,73","31.968,47","32.584,62","31.760,67","-","1,82%"
"18.10.2019","31.968,47","31.995,13","32.526,41","31.837,96","-","-0,08%"
"17.10.2019","31.995,13","30.759,21","32.020,99","30.744,03","-","4,02%"
"16.10.2019","30.759,21","31.449,95","31.475,70","30.614,96","-","-1,83%"
"15.10.2019","31.333,68","31.798,11","31.798,11","31.217,75","-","-1,46%"
"11.10.2019","31.798,11","31.751,84","32.285,91","31.751,84","-","0,17%"
"10.10.2019","31.743,20","30.338,17","31.761,66","30.338,17","-","4,63%"
"09.10.2019","30.338,17","30.257,26","30.433,72","29.903,02","-","0,27%"
"08.10.2019","30.257,26","30.940,87","30.950,92","30.057,92","-","-2,21%"
"07.10.2019","30.940,87","31.921,82","32.288,46","30.922,43","-","-2,75%"
"04.10.2019","31.816,50","30.365,90","31.850,26","30.321,98","-","4,78%"
"03.10.2019","30.365,90","30.792,05","30.969,17","30.346,35","-","-1,38%"
"02.10.2019","30.792,05","30.066,13","30.895,25","29.855,61","-","2,41%"
"01.10.2019","30.066,13","29.066,96","30.147,52","29.066,96","-","3,44%"
"30.09.2019","29.066,96","28.877,51","29.131,46","28.297,42","-","0,66%"
"27.09.2019","28.877,51","28.168,02","28.953,28","28.168,02","-","2,52%"
"26.09.2019","28.168,02","28.212,41","28.705,26","27.945,59","-","-0,16%"
"25.09.2019","28.212,41","27.819,80","28.313,18","27.219,99","-","1,41%"
"24.09.2019","27.819,80","29.094,70","29.094,70","27.627,02","-","-4,57%"
"23.09.2019","29.152,05","30.060,46","30.060,46","28.656,45","-","-3,02%"
"20.09.2019","30.060,46","30.414,40","30.627,87","29.891,67","-","-1,16%"
"19.09.2019","30.414,40","30.071,10","30.465,95","29.525,17","-","1,14%"
"18.09.2019","30.071,10","30.150,65","30.398,60","29.534,34","-","-0,26%"
"17.09.2019","30.150,65","30.561,27","30.561,27","29.665,26","-","-1,34%"
"16.09.2019","30.561,27","30.136,38","31.558,15","30.136,38","-","1,41%"
"13.09.2019","30.136,28","29.114,77","30.362,27","28.995,75","-","3,51%"
"12.09.2019","29.114,77","28.617,92","29.162,90","28.381,70","-","1,74%"
"11.09.2019","28.617,92","28.432,16","28.786,66","28.065,52","-","0,65%"
"10.09.2019","28.432,16","27.176,41","28.465,72","27.176,41","-","4,62%"
"09.09.2019","27.176,41","27.923,05","28.341,95","26.824,42","-","-1,75%"
"06.09.2019","27.659,66","26.932,14","28.044,33","26.932,14","-","2,70%"
"05.09.2019","26.932,14","24.664,55","27.060,28","24.664,55","-","9,19%"
"04.09.2019","24.664,55","23.079,32","24.992,84","23.079,32","-","6,87%"
"03.09.2019","23.079,32","26.195,41","26.234,30","22.484,40","-","-11,90%"
"02.09.2019","26.195,41","24.608,56","26.255,65","24.539,55","-","6,45%"
"30.08.2019","24.608,56","23.984,83","25.271,94","23.948,22","-","2,60%"
"29.08.2019","23.984,83","25.458,04","25.458,04","23.861,87","-","-5,79%"
"28.08.2019","25.458,04","24.622,47","25.582,50","24.602,40","-","3,39%"
"27.08.2019","24.622,47","25.848,26","25.848,26","24.535,14","-","-4,74%"
"26.08.2019","25.848,26","26.585,97","26.773,31","25.832,25","-","-2,77%"
"23.08.2019","26.585,97","27.982,96","28.050,76","26.513,36","-","-4,99%"
"22.08.2019","27.982,96","27.977,74","28.444,72","27.891,14","-","0,02%"
"21.08.2019","27.977,74","27.230,62","28.053,94","27.230,62","-","2,74%"
"20.08.2019","27.230,62","30.406,65","30.406,65","27.074,14","-","-10,45%"
"16.08.2019","30.406,65","31.039,31","31.899,64","30.214,44","-","-2,04%"
"15.08.2019","31.039,31","29.920,69","31.688,06","29.915,56","-","3,74%"
"14.08.2019","29.920,69","30.393,13","30.993,99","28.917,01","-","-1,40%"
"13.08.2019","30.344,56","27.530,80","31.011,00","27.530,80","-","10,22%"
"12.08.2019","27.530,80","44.355,20","44.355,20","27.450,34","-","-37,93%"
"09.08.2019","44.355,09","41.093,45","44.470,76","41.093,45","-","7,94%"
"08.08.2019","41.093,45","40.949,34","41.623,30","40.845,37","-","0,35%"
"07.08.2019","40.949,34","41.317,03","41.355,15","40.496,08","-","-0,89%"
"06.08.2019","41.317,03","40.873,35","41.377,71","40.804,40","-","1,09%"
"05.08.2019","40.873,35","41.359,15","41.359,15","40.470,87","-","-1,17%"
"02.08.2019","41.359,15","41.410,98","41.651,40","40.572,68","-","-0,13%"
"01.08.2019","41.410,98","42.057,77","42.492,78","41.220,28","-","-1,54%"
"31.07.2019","42.057,77","42.463,24","42.722,32","41.804,62","-","-0,95%"
"30.07.2019","42.463,24","42.785,46","42.836,75","42.417,96","-","-0,75%"
"29.07.2019","42.785,46","41.983,74","43.069,98","41.743,16","-","1,91%"
"26.07.2019","41.983,74","39.884,35","42.105,66","39.884,35","-","5,26%"
"25.07.2019","39.884,35","39.784,91","40.053,49","39.425,46","-","0,25%"
"24.07.2019","39.784,91","39.203,87","39.947,37","39.203,87","-","1,48%"
"23.07.2019","39.203,87","38.729,98","39.254,38","38.548,23","-","1,22%"
"22.07.2019","38.729,98","40.161,60","40.176,06","38.729,98","-","-3,56%"
"19.07.2019","40.161,60","40.752,75","40.883,63","40.097,31","-","-1,45%"
"18.07.2019","40.752,75","41.451,31","41.637,24","39.944,34","-","-1,69%"
"17.07.2019","41.451,31","41.788,26","42.066,89","41.396,28","-","-0,81%"
"16.07.2019","41.788,26","41.256,60","42.246,98","41.256,60","-","1,29%"
"15.07.2019","41.256,60","42.753,20","42.881,72","41.233,56","-","-3,50%"
"12.07.2019","42.753,10","42.856,29","43.165,63","42.660,53","-","-0,24%"
"11.07.2019","42.856,29","42.807,08","43.292,62","42.744,41","-","0,11%"
"10.07.2019","42.807,08","41.797,54","42.848,59","41.751,61","-","2,52%"
"05.07.2019","41.755,69","41.428,50","41.943,40","41.380,91","-","0,91%"
"04.07.2019","41.380,38","41.304,34","41.505,12","41.176,06","-","0,18%"
"03.07.2019","41.304,34","41.793,13","42.104,18","41.261,95","-","-1,17%"
"02.07.2019","41.793,13","41.507,48","42.126,14","41.506,78","-","0,69%"
"01.07.2019","41.507,48","41.796,36","42.144,09","41.380,04","-","-0,69%"
"28.06.2019","41.796,36","41.128,41","41.835,48","41.050,40","-","1,62%"
"27.06.2019","41.128,41","39.916,77","41.393,01","39.895,02","-","3,04%"
"26.06.2019","39.916,77","40.292,26","40.899,28","39.750,48","-","-0,93%"
"25.06.2019","40.292,26","40.111,98","40.390,01","39.862,05","-","0,45%"
"24.06.2019","40.111,98","40.294,82","40.300,76","39.579,22","-","-0,45%"
"21.06.2019","40.294,82","39.861,82","40.614,79","39.861,82","-","1,09%"
"19.06.2019","39.861,82","40.687,47","41.049,58","39.818,42","-","-2,03%"
"18.06.2019","40.687,47","40.487,61","41.478,15","40.480,00","-","0,49%"
"14.06.2019","40.487,61","40.646,38","40.993,45","40.384,93","-","-0,39%"
"13.06.2019","40.646,28","40.930,69","40.966,06","39.518,99","-","-0,69%"
"12.06.2019","40.930,69","38.345,00","40.972,04","38.345,00","-","6,74%"
"11.06.2019","38.345,00","36.452,80","38.322,04","36.452,80","-","5,19%"
"10.06.2019","36.452,80","35.662,87","36.575,56","35.632,82","-","2,21%"
"07.06.2019","35.662,87","35.733,70","36.177,40","35.474,98","-","-0,20%"
"06.06.2019","35.733,70","35.275,94","35.769,50","35.143,14","-","1,30%"
"05.06.2019","35.275,94","34.700,84","35.451,47","34.700,84","-","1,66%"
"04.06.2019","34.700,84","33.765,21","34.853,43","33.765,21","-","2,77%"
"03.06.2019","33.765,21","33.949,53","34.419,05","33.278,73","-","-0,54%"
"31.05.2019","33.949,53","34.239,26","34.654,86","33.858,03","-","-0,85%"
"30.05.2019","34.239,26","33.967,33","34.725,30","33.967,33","-","0,80%"
"29.05.2019","33.967,33","34.643,54","34.643,54","33.494,35","-","-1,95%"
"28.05.2019","34.643,54","35.448,46","35.815,35","34.470,49","-","-2,27%"
"27.05.2019","35.448,46","35.084,92","35.546,94","35.025,15","-","1,04%"
"24.05.2019","35.084,92","34.378,55","35.130,79","34.361,13","-","2,05%"
"23.05.2019","34.378,55","34.578,77","34.578,77","33.984,55","-","-0,58%"
"22.05.2019","34.578,77","34.490,90","34.726,84","34.357,97","-","0,28%"
"21.05.2019","34.481,33","33.492,48","34.564,48","33.492,48","-","2,95%"
"20.05.2019","33.492,48","33.315,70","33.628,24","32.828,54","-","0,53%"
"17.05.2019","33.315,70","33.892,17","34.122,85","33.178,37","-","-1,70%"
"16.05.2019","33.892,17","33.218,06","34.129,31","33.215,74","-","2,03%"
"15.05.2019","33.218,06","32.510,83","33.272,75","32.510,83","-","2,18%"
"14.05.2019","32.510,83","32.452,49","33.191,57","32.452,49","-","0,65%"
"13.05.2019","32.300,25","33.406,11","33.406,11","32.234,17","-","-3,27%"
"10.05.2019","33.393,81","34.280,38","34.671,16","33.262,66","-","-2,13%"
"09.05.2019","34.119,10","33.776,95","34.599,49","33.492,79","-","1,02%"
"08.05.2019","33.775,97","32.741,13","33.949,77","32.741,13","-","3,16%"
"07.05.2019","32.741,13","33.051,05","33.051,68","32.244,31","-","-0,79%"
"06.05.2019","33.001,08","32.412,27","33.109,17","31.960,14","-","1,82%"
"03.05.2019","32.412,27","30.857,06","32.446,93","30.820,10","-","5,18%"
"02.05.2019","30.817,01","29.571,36","30.876,23","29.571,36","-","4,21%"
"30.04.2019","29.571,36","28.859,58","29.614,97","28.859,58","-","2,58%"
"29.04.2019","28.827,37","30.001,10","30.001,10","28.821,06","-","-3,91%"
"26.04.2019","30.001,10","29.556,77","30.079,23","29.211,94","-","1,50%"
"25.04.2019","29.556,77","29.746,60","30.038,46","28.309,75","-","-0,64%"
"24.04.2019","29.746,60","30.926,73","30.926,73","29.669,90","-","-3,82%"
"23.04.2019","30.926,73","30.786,64","31.483,24","30.783,15","-","0,46%"
"22.04.2019","30.786,64","32.036,78","32.036,78","30.571,37","-","-3,90%"
"17.04.2019","32.036,78","32.406,41","32.426,26","31.955,98","-","-0,78%"
"16.04.2019","32.290,18","31.775,18","32.424,77","31.775,18","-","1,72%"
"15.04.2019","31.745,57","31.373,64","31.815,97","31.226,42","-","1,24%"
"12.04.2019","31.357,03","31.501,04","31.633,60","31.141,47","-","-0,46%"
"11.04.2019","31.501,04","32.228,12","32.228,12","31.167,05","-","-2,03%"
"10.04.2019","32.154,54","31.743,38","32.485,10","31.743,38","-","1,30%"
"09.04.2019","31.743,38","33.080,87","33.122,11","31.595,72","-","-4,04%"
"08.04.2019","33.080,87","32.666,88","33.190,69","32.666,88","-","1,27%"
"05.04.2019","32.666,88","32.142,47","32.941,48","32.142,47","-","1,63%"
"04.04.2019","32.142,47","31.765,11","32.410,76","31.765,11","-","1,19%"
"03.04.2019","31.765,11","33.006,82","33.006,82","31.722,73","-","-3,76%"
"01.04.2019","33.006,82","33.466,03","33.876,13","32.947,80","-","-1,37%"
"29.03.2019","33.466,03","32.892,15","33.634,05","32.892,15","-","1,74%"
"28.03.2019","32.892,15","32.174,68","32.917,26","32.174,68","-","2,23%"
"27.03.2019","32.174,68","32.627,59","32.627,59","31.709,55","-","-1,39%"
"26.03.2019","32.627,59","33.166,32","33.861,13","32.233,72","-","-1,62%"
"25.03.2019","33.166,32","32.827,98","33.498,05","32.674,33","-","1,03%"
"22.03.2019","32.827,98","34.186,08","34.186,08","32.740,53","-","-3,97%"
"21.03.2019","34.186,08","34.743,90","34.875,86","34.079,38","-","-1,61%"
"20.03.2019","34.743,90","34.373,20","35.155,51","34.373,20","-","1,08%"
"19.03.2019","34.373,20","34.939,30","35.647,67","34.361,19","-","-1,62%"
"18.03.2019","34.939,30","33.933,08","34.968,63","33.933,08","-","2,97%"
"15.03.2019","33.933,08","33.530,45","34.055,17","33.530,45","-","1,20%"
"14.03.2019","33.530,45","34.023,02","34.128,78","33.390,80","-","-1,45%"
"13.03.2019","34.023,02","33.640,59","34.411,60","33.640,59","-","1,14%"
"12.03.2019","33.640,59","33.790,68","34.328,31","33.522,79","-","-0,44%"
"11.03.2019","33.790,68","33.020,07","33.989,27","33.020,07","-","2,33%"
"08.03.2019","33.020,07","33.189,91","33.598,12","32.802,30","-","-0,51%"
"07.03.2019","33.189,91","32.340,43","33.374,89","32.092,20","-","2,63%"
"06.03.2019","32.340,43","33.834,86","33.838,47","32.290,55","-","-4,42%"
"01.03.2019","33.834,86","34.485,80","35.117,69","33.686,13","-","-1,89%"
"28.02.2019","34.485,80","35.345,47","35.413,09","34.289,51","-","-2,43%"
"27.02.2019","35.345,47","36.026,63","36.097,88","35.254,21","-","-1,89%"
"26.02.2019","36.026,63","36.332,03","36.341,78","35.641,05","-","-0,84%"
"25.02.2019","36.332,03","36.646,79","37.165,24","36.061,64","-","-0,86%"
"22.02.2019","36.646,79","35.852,14","36.716,43","35.852,14","-","2,22%"
"21.02.2019","35.852,14","36.503,51","36.619,96","35.837,28","-","-1,78%"
"20.02.2019","36.503,51","36.292,29","37.648,71","36.292,29","-","0,58%"
"19.02.2019","36.292,29","37.355,24","37.417,92","36.251,29","-","-2,85%"
"18.02.2019","37.355,24","37.469,97","37.533,17","37.246,62","-","-0,31%"
"15.02.2019","37.469,97","37.385,75","37.601,73","37.168,98","-","0,23%"
"14.02.2019","37.385,75","37.038,92","37.431,19","36.844,01","-","0,94%"
"13.02.2019","37.038,92","37.685,96","37.874,94","36.963,53","-","-1,72%"
"12.02.2019","37.685,96","37.023,74","37.720,82","37.023,74","-","1,79%"
"11.02.2019","37.023,74","36.664,24","37.180,86","36.664,24","-","0,98%"
"08.02.2019","36.664,24","35.928,99","36.695,46","35.752,18","-","2,05%"
"07.02.2019","35.928,99","36.731,67","36.731,67","35.694,07","-","-2,19%"
"06.02.2019","36.731,67","37.471,67","37.562,08","36.698,30","-","-1,97%"
"05.02.2019","37.471,67","37.145,00","37.497,20","36.927,60","-","0,88%"
"04.02.2019","37.145,00","36.599,88","37.243,93","36.505,96","-","1,49%"
"01.02.2019","36.599,88","36.326,92","36.789,44","36.264,48","-","0,75%"
"31.01.2019","36.326,92","36.039,11","36.491,61","35.903,12","-","0,80%"
"30.01.2019","36.039,11","35.511,21","36.124,77","35.493,48","-","1,49%"
"29.01.2019","35.511,21","34.840,80","35.597,72","34.698,65","-","1,92%"
"28.01.2019","34.840,80","34.810,51","34.878,73","34.132,84","-","0,09%"
"25.01.2019","34.810,51","34.939,05","35.527,10","34.785,84","-","-0,37%"
"24.01.2019","34.939,05","34.819,13","35.430,67","34.815,99","-","0,34%"
"23.01.2019","34.819,13","34.042,76","34.879,74","34.042,76","-","2,28%"
"22.01.2019","34.042,76","35.303,25","35.303,25","33.896,25","-","-3,57%"
"21.01.2019","35.303,25","35.100,45","35.342,97","34.960,02","-","0,58%"
"18.01.2019","35.100,45","34.262,74","35.229,76","34.262,74","-","2,44%"
"17.01.2019","34.262,74","34.048,02","34.320,83","33.783,06","-","0,63%"
"16.01.2019","34.048,02","33.562,54","34.352,43","33.543,29","-","1,45%"
"15.01.2019","33.562,54","33.771,24","34.092,11","33.461,57","-","-0,62%"
"14.01.2019","33.771,24","33.884,60","34.224,37","33.531,34","-","-0,33%"
"11.01.2019","33.884,60","34.167,45","34.167,45","33.697,08","-","-0,83%"
"10.01.2019","34.167,45","33.769,35","34.204,62","33.385,29","-","1,18%"
"09.01.2019","33.769,35","32.914,88","34.325,15","32.914,88","-","2,60%"
"08.01.2019","32.914,88","33.010,54","33.390,54","32.468,94","-","-0,29%"
"07.01.2019","33.010,54","32.303,05","33.305,72","32.299,85","-","2,19%"
"04.01.2019","32.303,05","31.065,12","32.431,77","31.062,80","-","3,98%"
"03.01.2019","31.065,12","31.096,63","31.321,38","30.549,12","-","-0,10%"
"02.01.2019","31.096,63","30.292,58","31.279,22","29.994,40","-","2,65%"
"28.12.2018","30.292,55","29.519,37","30.369,22","29.480,98","-","2,62%"
"27.12.2018","29.519,37","28.473,44","29.622,45","28.473,44","-","3,67%"
"26.12.2018","28.473,44","28.456,92","28.626,80","27.380,27","-","0,06%"
"21.12.2018","28.456,92","29.242,75","29.389,08","28.080,64","-","-2,69%"
"20.12.2018","29.242,75","29.968,28","29.968,28","28.938,05","-","-2,42%"
"19.12.2018","29.968,28","29.777,26","30.475,28","29.727,30","-","0,64%"
"18.12.2018","29.777,26","29.888,02","30.242,12","29.653,84","-","-0,37%"
"17.12.2018","29.888,02","31.109,45","31.118,67","29.819,75","-","-3,93%"
"14.12.2018","31.109,45","31.019,79","31.164,30","30.800,71","-","0,29%"
"13.12.2018","31.019,79","31.081,37","31.360,57","30.941,00","-","-0,20%"
"12.12.2018","31.081,37","30.941,09","31.590,85","30.941,09","-","0,45%"
"11.12.2018","30.941,09","30.753,54","31.413,28","30.753,54","-","0,61%"
"10.12.2018","30.753,54","31.550,40","31.550,40","30.711,53","-","-2,53%"
"07.12.2018","31.550,40","32.019,84","32.446,86","31.440,32","-","-1,47%"
"06.12.2018","32.019,84","31.779,87","32.105,51","31.075,43","-","0,76%"
"05.12.2018","31.779,87","31.958,33","32.034,68","31.629,53","-","-0,56%"
"04.12.2018","31.958,33","31.888,79","32.143,99","31.661,67","-","0,22%"
"03.12.2018","31.888,79","31.482,58","32.617,34","31.482,58","-","1,29%"
"29.11.2018","31.482,58","31.138,66","31.605,16","31.001,60","-","1,10%"
"28.11.2018","31.138,66","30.921,11","31.397,33","30.505,28","-","0,70%"
"27.11.2018","30.921,11","31.131,87","31.663,85","30.804,32","-","-0,68%"
"26.11.2018","31.131,87","30.723,48","31.739,61","30.705,29","-","1,33%"
"23.11.2018","30.723,48","30.274,51","31.100,77","29.966,67","-","1,48%"
"22.11.2018","30.274,51","30.262,92","30.450,24","30.116,20","-","0,04%"
"21.11.2018","30.262,92","29.714,68","30.680,78","29.702,27","-","1,85%"
"20.11.2018","29.714,68","31.109,25","31.145,60","29.650,34","-","-4,48%"
"16.11.2018","31.109,25","30.473,82","31.278,15","30.473,82","-","2,09%"
"15.11.2018","30.473,82","29.372,54","30.886,29","29.372,54","-","3,75%"
"14.11.2018","29.372,54","28.543,43","29.449,66","28.535,16","-","2,90%"
"13.11.2018","28.543,43","29.423,30","29.592,05","28.526,32","-","-2,99%"
"12.11.2018","29.423,30","29.912,49","30.086,65","29.375,34","-","-1,64%"
"09.11.2018","29.912,49","30.736,41","30.736,41","29.746,05","-","-2,68%"
"08.11.2018","30.736,41","31.404,69","31.635,26","30.728,46","-","-2,13%"
"07.11.2018","31.404,69","30.973,55","31.583,84","30.973,55","-","1,39%"
"06.11.2018","30.973,55","31.429,30","31.826,63","30.973,24","-","-1,45%"
"05.11.2018","31.429,30","31.419,26","31.598,56","30.935,62","-","0,03%"
"02.11.2018","31.419,26","31.308,63","31.831,01","31.030,12","-","0,35%"
"01.11.2018","31.308,63","29.491,11","31.361,73","29.491,11","-","6,16%"
"31.10.2018","29.491,11","29.425,79","29.547,18","29.012,92","-","0,22%"
"30.10.2018","29.425,79","28.898,24","29.466,21","28.898,24","-","1,83%"
"29.10.2018","28.898,24","29.369,87","29.829,73","28.647,32","-","-1,61%"
"26.10.2018","29.369,87","29.334,99","29.846,95","28.705,65","-","0,12%"
"25.10.2018","29.334,99","28.157,43","29.560,86","28.157,43","-","4,18%"
"24.10.2018","28.157,43","28.359,72","28.711,87","27.912,78","-","-0,71%"
"23.10.2018","28.359,72","28.567,78","28.567,78","27.877,53","-","-0,73%"
"22.10.2018","28.567,78","28.673,28","28.901,29","28.394,30","-","-0,37%"
"19.10.2018","28.673,28","28.370,45","28.922,98","28.370,45","-","1,07%"
"18.10.2018","28.370,45","28.721,37","28.821,06","28.237,88","-","-1,22%"
"17.10.2018","28.721,37","29.430,59","29.430,59","28.701,53","-","-2,41%"
"16.10.2018","29.430,59","29.598,18","30.100,66","29.281,17","-","-0,57%"
"12.10.2018","29.598,18","27.613,09","29.756,85","27.613,09","-","7,19%"
"11.10.2018","27.613,09","28.549,77","28.698,04","27.581,31","-","-3,28%"
"10.10.2018","28.549,77","29.612,45","29.612,45","28.434,85","-","-3,59%"
"09.10.2018","29.612,45","30.547,13","30.577,24","29.327,53","-","-3,06%"
"08.10.2018","30.547,13","30.168,72","30.858,46","30.094,47","-","1,25%"
"05.10.2018","30.168,72","30.928,83","31.516,89","30.129,18","-","-2,46%"
"04.10.2018","30.928,83","32.201,47","32.223,56","30.912,13","-","-3,95%"
"03.10.2018","32.201,47","32.730,38","33.764,39","32.032,25","-","-1,62%"
"02.10.2018","32.730,38","32.584,94","33.370,04","32.584,94","-","0,45%"
"01.10.2018","32.584,94","33.461,84","33.944,65","32.584,94","-","-2,62%"
"28.09.2018","33.461,77","33.651,33","34.119,87","33.222,43","-","-0,56%"
"27.09.2018","33.651,33","33.943,28","35.121,15","33.592,82","-","-0,86%"
"26.09.2018","33.943,28","34.052,62","34.265,47","33.766,58","-","-0,32%"
"25.09.2018","34.052,62","33.163,61","34.215,27","32.301,74","-","2,68%"
"24.09.2018","33.163,61","34.327,12","34.433,00","32.487,67","-","-3,39%"
"21.09.2018","34.327,12","34.514,24","35.114,65","33.634,63","-","-0,54%"
"20.09.2018","34.514,24","33.118,35","34.585,00","33.118,35","-","4,21%"
"19.09.2018","33.118,35","32.106,34","33.363,64","32.092,19","-","3,15%"
"18.09.2018","32.106,34","31.157,40","32.163,56","31.157,40","-","3,05%"
"17.09.2018","31.157,40","30.177,43","31.194,26","30.098,49","-","3,25%"
"14.09.2018","30.177,43","30.023,76","30.413,23","29.974,23","-","0,51%"
"13.09.2018","30.023,76","29.744,67","30.670,24","29.717,39","-","0,94%"
"12.09.2018","29.744,67","29.163,63","29.792,44","29.163,63","-","1,99%"
"11.09.2018","29.163,63","29.455,22","29.455,22","28.525,28","-","-0,99%"
"10.09.2018","29.455,22","29.811,22","30.050,73","29.382,18","-","-1,19%"
"07.09.2018","29.811,22","29.948,35","30.439,73","29.791,36","-","-0,46%"
"06.09.2018","29.948,35","28.769,09","30.087,88","28.769,09","-","4,10%"
"05.09.2018","28.769,09","27.625,35","28.921,28","27.621,99","-","4,14%"
"04.09.2018","27.625,35","28.807,29","28.807,29","27.523,57","-","-4,10%"
"03.09.2018","28.807,29","29.293,52","29.433,48","28.573,08","-","-1,66%"
"31.08.2018","29.293,52","26.754,85","29.396,38","26.743,41","-","9,49%"
"30.08.2018","26.754,85","25.398,41","27.073,40","25.099,63","-","5,34%"
"29.08.2018","25.398,41","25.032,95","25.498,48","25.007,55","-","1,46%"
"28.08.2018","25.032,95","25.435,39","25.446,34","24.618,09","-","-1,58%"
"27.08.2018","25.435,39","25.167,96","25.855,20","25.115,23","-","1,06%"
"24.08.2018","25.167,96","26.523,20","26.523,20","24.951,34","-","-5,11%"
"23.08.2018","26.523,20","26.844,35","27.097,16","26.522,04","-","-1,20%"
"22.08.2018","26.844,35","26.045,93","26.891,07","26.015,93","-","3,07%"
"21.08.2018","26.045,93","26.238,82","26.339,53","26.009,49","-","-0,74%"
"17.08.2018","26.238,82","26.938,75","26.942,86","26.069,91","-","-2,60%"
"16.08.2018","26.938,75","27.008,20","27.356,26","26.544,00","-","-0,26%"
"15.08.2018","27.008,20","26.536,63","27.157,48","26.079,17","-","1,78%"
"14.08.2018","26.536,63","26.061,96","26.582,05","26.056,12","-","1,82%"
"13.08.2018","26.061,96","26.856,15","26.856,15","25.795,32","-","-2,96%"
"10.08.2018","26.856,15","26.906,28","26.950,36","25.923,62","-","-0,19%"
"09.08.2018","26.906,28","26.674,87","27.248,10","26.643,88","-","0,87%"
"08.08.2018","26.674,87","27.783,35","27.783,35","26.583,35","-","-3,99%"
"07.08.2018","27.783,35","28.893,97","28.921,94","27.723,74","-","-3,84%"
"06.08.2018","28.893,97","29.215,98","29.330,63","28.868,64","-","-1,10%"
"03.08.2018","29.215,98","28.882,85","29.578,25","28.882,85","-","1,15%"
"02.08.2018","28.882,85","29.387,80","29.435,57","28.848,39","-","-1,72%"
"01.08.2018","29.387,80","29.287,34","29.475,40","29.229,63","-","0,34%"
"31.07.2018","29.287,34","29.232,12","29.347,65","29.099,67","-","0,19%"
"30.07.2018","29.232,12","29.259,02","29.361,45","28.833,51","-","-0,09%"
"27.07.2018","29.259,02","29.204,92","29.842,46","29.042,91","-","0,19%"
"26.07.2018","29.204,92","29.363,46","29.513,68","29.073,33","-","-0,54%"
"25.07.2018","29.363,46","28.272,52","29.402,51","28.272,52","-","3,86%"
"24.07.2018","28.272,52","27.703,74","28.294,38","27.703,74","-","2,05%"
"23.07.2018","27.703,74","27.625,34","27.883,68","27.422,97","-","0,28%"
"20.07.2018","27.625,34","26.814,42","27.660,22","26.794,75","-","3,02%"
"19.07.2018","26.814,42","27.044,46","27.048,70","26.719,93","-","-0,85%"
"18.07.2018","27.044,46","26.765,07","27.108,61","26.579,70","-","1,04%"
"17.07.2018","26.765,07","26.263,65","26.878,04","26.173,77","-","1,91%"
"16.07.2018","26.263,65","26.514,16","26.688,67","26.095,33","-","-0,94%"
"13.07.2018","26.514,16","26.704,91","26.780,59","26.227,08","-","-0,71%"
"12.07.2018","26.704,91","27.231,78","27.665,51","26.561,73","-","-1,93%"
"11.07.2018","27.231,78","27.635,21","27.784,43","27.076,96","-","-1,46%"
"10.07.2018","27.635,21","27.611,04","28.502,13","27.495,98","-","0,09%"
"06.07.2018","27.611,04","27.813,17","28.086,84","27.379,66","-","-0,73%"
"05.07.2018","27.813,17","27.702,88","28.177,46","27.312,11","-","0,40%"
"04.07.2018","27.702,88","27.092,19","27.751,29","26.799,93","-","2,25%"
"03.07.2018","27.092,19","25.298,04","27.197,46","25.298,04","-","7,09%"
"02.07.2018","25.298,04","25.207,31","26.037,04","24.747,24","-","-2,84%"
"29.06.2018","26.037,01","26.789,41","27.043,34","25.626,73","-","-2,81%"
"28.06.2018","26.789,41","25.921,08","26.896,99","25.856,23","-","3,35%"
"27.06.2018","25.921,08","28.473,48","28.473,48","25.598,33","-","-8,96%"
"26.06.2018","28.473,48","28.825,12","29.239,46","28.355,69","-","-1,22%"
"25.06.2018","28.825,12","30.210,61","30.211,74","28.610,85","-","-4,59%"
"22.06.2018","30.210,61","30.869,35","30.941,26","30.172,86","-","-2,13%"
"21.06.2018","30.869,35","29.118,51","31.681,74","29.118,51","-","6,01%"
"19.06.2018","29.118,51","27.656,57","29.180,99","27.656,57","-","5,29%"
"18.06.2018","27.656,57","30.147,65","30.147,65","27.632,28","-","-8,26%"
"15.06.2018","30.147,65","30.114,88","30.212,88","29.739,83","-","0,11%"
"14.06.2018","30.114,88","30.228,42","30.767,50","29.930,78","-","-0,38%"
"13.06.2018","30.228,42","30.749,09","30.752,27","29.947,13","-","-1,69%"
"12.06.2018","30.749,09","31.703,85","31.707,20","30.697,25","-","-3,01%"
"11.06.2018","31.703,85","31.444,08","31.949,60","31.444,08","-","0,83%"
"08.06.2018","31.444,08","30.177,81","31.499,15","30.177,81","-","4,20%"
"07.06.2018","30.177,81","30.428,00","30.428,00","29.753,91","-","-0,82%"
"06.06.2018","30.428,00","30.359,26","30.755,42","30.139,48","-","0,23%"
"05.06.2018","30.359,26","29.036,15","30.399,57","29.036,15","-","4,56%"
"04.06.2018","29.036,15","28.436,75","29.074,50","28.436,75","-","2,11%"
"01.06.2018","28.436,75","28.558,83","28.899,36","27.969,20","-","-0,43%"
"31.05.2018","28.558,83","28.389,40","28.768,21","28.241,04","-","0,60%"
"30.05.2018","28.389,40","28.325,59","28.743,09","28.308,16","-","0,23%"
"29.05.2018","28.325,59","28.653,75","29.091,71","28.130,92","-","-1,15%"
"28.05.2018","28.653,75","29.664,90","29.664,90","28.302,86","-","-3,41%"
"24.05.2018","29.664,90","30.233,95","30.233,95","29.488,04","-","-1,88%"
"23.05.2018","30.233,95","30.991,35","30.997,20","30.200,22","-","-2,44%"
"22.05.2018","30.991,35","31.632,45","31.750,69","30.962,28","-","-2,03%"
"21.05.2018","31.632,45","31.883,11","32.056,20","31.505,60","-","-0,74%"
"18.05.2018","31.869,82","31.795,12","32.180,33","31.738,46","-","0,20%"
"17.05.2018","31.806,18","31.660,57","32.041,59","31.555,76","-","0,46%"
"16.05.2018","31.660,57","30.676,94","31.782,96","30.656,30","-","3,21%"
"15.05.2018","30.676,94","30.441,60","31.818,76","30.394,96","-","0,77%"
"14.05.2018","30.441,60","29.852,06","30.519,14","29.595,12","-","1,97%"
"11.05.2018","29.852,06","29.600,66","30.259,90","28.934,78","-","0,85%"
"10.05.2018","29.600,66","27.907,92","29.692,18","27.907,92","-","6,07%"
"09.05.2018","27.907,92","26.276,52","28.012,26","26.276,52","-","6,21%"
"08.05.2018","26.276,52","27.512,56","27.512,56","26.030,36","-","-4,49%"
"07.05.2018","27.512,56","28.553,27","29.096,24","27.341,86","-","-3,64%"
"04.05.2018","28.553,27","29.503,40","29.826,44","27.790,88","-","-3,22%"
"03.05.2018","29.503,40","29.613,98","29.830,88","29.129,66","-","-0,37%"
"02.05.2018","29.613,98","30.006,35","30.246,68","29.562,62","-","-1,31%"
"27.04.2018","30.006,35","29.487,82","30.260,60","29.406,51","-","1,76%"
"26.04.2018","29.487,82","29.946,83","30.086,96","29.321,40","-","-1,53%"
"25.04.2018","29.946,83","30.568,86","30.568,86","29.814,76","-","-2,03%"
"24.04.2018","30.568,86","30.941,08","31.222,55","30.496,82","-","-1,20%"
"23.04.2018","30.941,08","31.161,70","31.242,63","30.867,85","-","-0,71%"
"20.04.2018","31.161,70","31.281,32","31.391,08","31.122,32","-","-0,38%"
"19.04.2018","31.281,32","31.531,90","31.574,68","30.997,44","-","-0,79%"
"18.04.2018","31.531,90","31.402,77","31.772,59","31.402,77","-","0,41%"
"17.04.2018","31.402,77","31.007,80","31.515,96","31.006,98","-","1,27%"
"16.04.2018","31.007,80","31.593,11","31.595,41","30.948,14","-","-1,85%"
"13.04.2018","31.593,11","32.038,79","32.107,57","31.500,22","-","-1,39%"
"12.04.2018","32.038,79","32.030,85","32.143,51","31.957,82","-","0,02%"
"11.04.2018","32.030,85","32.222,40","32.339,79","31.979,84","-","-0,59%"
"10.04.2018","32.222,40","31.844,43","32.340,73","31.844,43","-","1,19%"
"09.04.2018","31.844,43","31.738,77","31.991,02","31.738,77","-","0,33%"
"06.04.2018","31.738,77","31.866,63","31.958,60","31.551,54","-","-0,40%"
"05.04.2018","31.866,63","31.318,47","31.896,17","31.318,47","-","1,75%"
"04.04.2018","31.318,47","31.341,06","31.376,04","30.930,67","-","-0,07%"
"03.04.2018","31.341,06","31.115,02","31.393,99","30.957,91","-","0,73%"
"28.03.2018","31.114,93","31.236,12","31.418,99","30.982,31","-","-0,39%"
"27.03.2018","31.236,12","31.636,56","31.834,28","31.214,34","-","-1,27%"
"26.03.2018","31.636,56","31.461,26","31.979,67","31.461,26","-","0,56%"
"23.03.2018","31.461,26","31.908,22","32.029,87","31.396,98","-","-1,40%"
"22.03.2018","31.908,22","32.369,59","32.370,63","31.834,77","-","-1,43%"
"21.03.2018","32.369,59","31.797,57","32.513,49","31.797,57","-","1,80%"
"20.03.2018","31.797,57","31.724,38","32.176,24","31.669,82","-","0,23%"
"19.03.2018","31.724,38","32.555,08","32.560,53","31.616,97","-","-2,55%"
"16.03.2018","32.555,08","32.707,46","33.058,47","32.484,12","-","-0,47%"
"15.03.2018","32.707,46","32.824,48","32.934,42","32.602,58","-","-0,36%"
"14.03.2018","32.824,48","32.980,12","33.210,36","32.760,66","-","-0,47%"
"13.03.2018","32.980,12","33.253,61","33.437,96","32.955,21","-","-0,79%"
"12.03.2018","33.243,97","33.182,60","33.508,48","33.180,15","-","0,18%"
"09.03.2018","33.182,60","32.822,60","33.498,57","32.816,90","-","1,10%"
"08.03.2018","32.822,60","32.743,55","33.196,83","32.672,29","-","0,24%"
"07.03.2018","32.743,55","32.864,98","32.870,26","32.400,82","-","-0,37%"
"06.03.2018","32.864,98","32.133,74","32.911,48","32.133,74","-","2,28%"
"05.03.2018","32.133,74","31.900,70","32.323,34","31.879,57","-","0,73%"
"02.03.2018","31.900,70","32.013,03","32.013,03","31.204,89","-","-0,35%"
"01.03.2018","32.013,03","33.010,90","33.020,15","31.930,93","-","-3,02%"
"28.02.2018","33.010,90","32.516,31","33.029,52","32.269,44","-","1,52%"
"27.02.2018","32.516,31","32.918,20","33.251,88","32.328,62","-","-1,22%"
"26.02.2018","32.918,20","32.742,39","33.168,24","32.710,99","-","0,54%"
"23.02.2018","32.742,39","33.124,77","33.410,03","32.714,80","-","-1,15%"
"22.02.2018","33.124,77","33.042,30","33.161,84","32.849,19","-","0,25%"
"21.02.2018","33.042,30","32.825,94","33.135,02","32.631,67","-","0,66%"
"20.02.2018","32.825,94","33.281,32","33.281,50","32.806,09","-","-1,37%"
"19.02.2018","33.281,32","32.677,25","33.320,97","32.677,25","-","1,85%"
"16.02.2018","32.677,25","32.023,64","32.739,34","32.021,89","-","2,04%"
"15.02.2018","32.023,64","31.551,31","32.159,90","31.551,31","-","1,50%"
"14.02.2018","31.551,31","30.143,44","31.598,82","30.143,44","-","4,67%"
"09.02.2018","30.143,44","31.021,59","31.190,15","29.460,74","-","-2,83%"
"08.02.2018","31.021,59","31.626,73","32.226,87","30.929,70","-","-1,91%"
"07.02.2018","31.626,73","31.624,18","32.604,64","31.407,76","-","0,01%"
"06.02.2018","31.624,18","31.145,60","31.751,12","29.859,34","-","1,54%"
"05.02.2018","31.145,60","32.614,77","32.614,77","31.095,98","-","-4,50%"
"02.02.2018","32.614,77","34.641,37","34.643,99","32.562,59","-","-5,85%"
"01.02.2018","34.641,37","34.938,64","35.461,52","34.586,32","-","-0,85%"
"31.01.2018","34.938,64","34.241,26","34.989,51","34.241,26","-","2,04%"
"30.01.2018","34.241,26","34.787,40","34.835,74","33.792,51","-","-1,57%"
"29.01.2018","34.787,40","35.126,22","35.182,93","34.257,21","-","-0,96%"
"26.01.2018","35.126,22","35.141,72","35.334,84","34.885,94","-","-0,04%"
"25.01.2018","35.141,72","34.948,56","35.189,15","34.686,85","-","0,55%"
"24.01.2018","34.948,56","33.893,42","34.980,66","33.893,42","-","3,11%"
"23.01.2018","33.893,42","33.525,47","33.950,97","33.506,96","-","1,10%"
"22.01.2018","33.525,47","33.591,70","33.703,06","33.432,48","-","-0,20%"
"19.01.2018","33.591,70","34.049,35","34.147,84","33.266,97","-","-1,34%"
"18.01.2018","34.049,35","33.598,21","34.100,02","33.598,01","-","1,34%"
"17.01.2018","33.598,21","33.521,63","33.879,16","33.417,51","-","0,23%"
"16.01.2018","33.521,63","33.622,84","33.697,54","33.076,95","-","-0,30%"
"15.01.2018","33.622,84","32.719,70","33.698,19","32.697,54","-","2,76%"
"12.01.2018","32.719,70","32.078,22","32.765,65","32.076,42","-","2,00%"
"11.01.2018","32.078,22","31.632,36","32.108,07","31.609,98","-","1,41%"
"10.01.2018","31.632,36","32.138,59","32.144,13","31.219,56","-","-1,58%"
"09.01.2018","32.138,59","32.351,20","32.648,40","32.104,49","-","-0,66%"
"08.01.2018","32.351,20","32.190,30","32.419,43","31.880,30","-","0,50%"
"05.01.2018","32.190,30","31.951,99","32.242,04","31.697,82","-","0,75%"
"04.01.2018","31.951,99","31.476,26","32.000,55","31.421,35","-","1,51%"
"03.01.2018","31.476,26","31.084,42","31.496,50","30.819,93","-","1,26%"
"02.01.2018","31.084,42","30.065,61","31.143,73","30.065,61","-","3,39%"
"29.12.2017","30.065,61","29.974,54","30.172,96","29.838,77","-","0,30%"
"28.12.2017","29.974,54","29.193,48","30.277,53","29.193,48","-","2,68%"
"27.12.2017","29.193,48","29.185,62","29.562,04","29.072,89","-","0,03%"
"26.12.2017","29.185,62","28.931,54","29.465,28","28.931,54","-","0,88%"
"22.12.2017","28.931,54","28.480,71","29.020,09","28.480,71","-","1,58%"
"21.12.2017","28.480,71","28.068,96","28.559,63","28.068,96","-","1,47%"
"20.12.2017","28.068,96","27.706,71","28.123,24","27.706,71","-","1,31%"
"19.12.2017","27.706,71","27.137,32","27.934,42","27.128,26","-","2,10%"
"18.12.2017","27.137,32","27.021,94","27.354,76","27.021,94","-","0,43%"
"15.12.2017","27.021,94","27.139,10","27.450,48","26.946,55","-","-0,43%"
"14.12.2017","27.139,10","27.034,57","27.371,46","26.854,41","-","0,39%"
"13.12.2017","27.034,57","27.341,58","27.569,16","27.004,63","-","-1,12%"
"12.12.2017","27.341,58","27.307,06","27.586,38","27.284,41","-","0,13%"
"11.12.2017","27.307,06","26.841,50","27.342,04","26.841,50","-","1,73%"
"07.12.2017","26.841,50","26.470,45","26.874,85","26.341,76","-","1,40%"
"06.12.2017","26.470,45","26.483,00","26.616,59","26.171,66","-","-0,05%"
"05.12.2017","26.483,00","26.834,30","26.933,75","26.379,49","-","-1,31%"
"04.12.2017","26.834,30","26.941,63","27.130,31","26.806,85","-","-0,40%"
"01.12.2017","26.941,63","26.905,26","27.158,88","26.894,74","-","0,14%"
"30.11.2017","26.905,26","26.902,88","27.125,73","26.720,48","-","0,01%"
"29.11.2017","26.902,88","26.912,15","27.046,83","26.768,21","-","-0,03%"
"28.11.2017","26.912,15","27.122,35","27.259,47","26.850,25","-","-0,78%"
"27.11.2017","27.122,35","27.464,78","27.657,33","27.122,35","-","-1,25%"
"24.11.2017","27.464,78","27.293,31","27.605,80","27.289,76","-","0,63%"
"23.11.2017","27.293,31","27.327,97","27.590,71","27.083,67","-","-0,13%"
"22.11.2017","27.327,97","27.266,05","27.615,54","27.266,05","-","0,23%"
"21.11.2017","27.266,05","27.128,50","27.352,61","27.124,09","-","0,51%"
"17.11.2017","27.128,50","27.267,30","27.638,38","26.953,54","-","-0,51%"
"16.11.2017","27.267,30","26.312,68","27.289,05","26.312,68","-","3,63%"
"15.11.2017","26.312,68","25.611,01","26.543,85","25.194,27","-","2,74%"
"14.11.2017","25.611,01","26.714,90","26.741,69","25.394,52","-","-4,13%"
"13.11.2017","26.714,90","27.080,55","27.217,28","26.565,15","-","-1,35%"
"10.11.2017","27.080,55","27.951,54","28.086,16","27.047,15","-","-3,12%"
"09.11.2017","27.951,54","28.081,57","28.374,48","27.921,23","-","-0,46%"
"08.11.2017","28.081,57","28.120,22","28.345,31","27.997,41","-","-0,14%"
"07.11.2017","28.120,22","27.978,33","28.545,17","27.978,33","-","0,51%"
"03.11.2017","27.978,33","27.944,45","28.034,49","27.709,07","-","0,12%"
"02.11.2017","27.944,45","27.979,83","28.200,38","27.661,82","-","-0,13%"
"01.11.2017","27.979,83","27.935,28","28.357,47","27.923,28","-","0,16%"
"31.10.2017","27.935,28","27.405,83","27.992,04","27.376,24","-","1,93%"
"30.10.2017","27.405,83","27.479,39","27.557,91","27.293,17","-","-0,27%"
"27.10.2017","27.479,39","27.828,65","27.983,43","27.452,19","-","-1,26%"
"26.10.2017","27.828,65","27.878,24","28.100,68","27.814,48","-","-0,18%"
"25.10.2017","27.878,24","28.009,54","28.062,92","27.413,22","-","-0,47%"
"24.10.2017","28.009,54","27.782,60","28.046,97","27.725,00","-","0,82%"
"23.10.2017","27.782,60","26.978,98","27.912,69","26.978,98","-","2,98%"
"20.10.2017","26.978,98","26.804,55","27.186,14","26.803,96","-","0,65%"
"19.10.2017","26.804,55","26.213,15","26.834,54","26.205,10","-","2,26%"
"18.10.2017","26.213,15","26.622,44","26.629,47","26.103,13","-","-1,54%"
"17.10.2017","26.622,44","27.140,80","27.145,66","26.475,76","-","-1,91%"
"13.10.2017","27.140,80","27.059,52","27.241,42","27.027,69","-","0,30%"
"12.10.2017","27.059,52","26.889,79","27.080,34","26.868,15","-","0,63%"
"11.10.2017","26.889,79","27.097,26","27.368,60","26.780,58","-","-0,77%"
"10.10.2017","27.097,26","26.765,96","27.138,23","26.765,96","-","1,24%"
"09.10.2017","26.765,96","26.858,89","26.898,41","26.702,32","-","-0,12%"
"06.10.2017","26.797,79","27.015,58","27.017,58","26.739,73","-","-0,81%"
"05.10.2017","27.015,58","26.476,77","27.036,08","26.467,48","-","2,04%"
"04.10.2017","26.476,77","26.672,97","26.722,08","26.216,53","-","-0,74%"
"03.10.2017","26.672,97","26.350,75","26.690,70","26.305,87","-","1,22%"
"02.10.2017","26.350,75","26.078,32","26.383,70","26.069,57","-","1,04%"
"29.09.2017","26.078,29","25.597,01","26.175,24","25.597,01","-","1,88%"
"28.09.2017","25.597,01","25.271,19","25.642,76","25.267,13","-","1,29%"
"27.09.2017","25.271,19","25.166,21","25.295,88","24.860,42","-","0,42%"
"26.09.2017","25.166,21","25.047,18","25.411,73","25.047,18","-","0,48%"
"25.09.2017","25.047,18","24.994,48","25.229,15","24.928,63","-","0,21%"
"22.09.2017","24.994,48","24.578,70","25.034,67","24.577,52","-","1,69%"
"21.09.2017","24.578,70","24.334,82","24.595,45","24.334,82","-","1,00%"
"20.09.2017","24.334,82","24.214,62","24.359,20","24.189,23","-","0,50%"
"19.09.2017","24.214,62","23.913,92","24.236,26","23.913,92","-","1,26%"
"18.09.2017","23.913,92","23.715,54","23.950,47","23.609,11","-","0,84%"
"15.09.2017","23.715,54","23.701,71","23.737,15","23.601,45","-","0,06%"
"14.09.2017","23.701,71","23.836,58","23.928,27","23.693,08","-","-0,57%"
"13.09.2017","23.836,58","23.529,22","23.873,78","23.529,22","-","1,31%"
"12.09.2017","23.529,22","24.066,49","24.066,93","23.502,59","-","-2,23%"
"11.09.2017","24.066,49","24.018,13","24.235,41","24.018,13","-","0,20%"
"08.09.2017","24.018,13","24.250,25","24.262,20","23.836,56","-","-0,96%"
"07.09.2017","24.250,25","24.164,85","24.266,12","24.148,68","-","0,35%"
"06.09.2017","24.164,85","24.025,94","24.246,13","24.023,43","-","0,58%"
"05.09.2017","24.025,94","23.707,77","24.060,58","23.706,46","-","1,34%"
"04.09.2017","23.707,77","23.657,64","23.751,27","23.527,87","-","0,21%"
"01.09.2017","23.657,64","23.588,98","23.721,09","23.573,99","-","0,29%"
"31.08.2017","23.588,98","23.491,81","23.642,07","23.485,01","-","0,41%"
"30.08.2017","23.491,81","23.443,59","23.534,00","23.416,11","-","0,21%"
"29.08.2017","23.443,59","23.482,05","23.482,60","23.279,57","-","-0,16%"
"28.08.2017","23.482,05","23.500,95","23.597,66","23.444,45","-","-0,08%"
"25.08.2017","23.500,95","23.392,50","23.573,64","23.392,50","-","0,46%"
"24.08.2017","23.392,50","23.262,38","23.410,59","23.167,08","-","0,56%"
"23.08.2017","23.262,38","22.900,18","23.279,74","22.865,38","-","1,58%"
"22.08.2017","22.900,18","22.967,35","23.091,54","22.863,39","-","-0,29%"
"18.08.2017","22.967,35","22.724,48","23.153,64","22.654,44","-","1,07%"
"17.08.2017","22.724,48","22.887,94","22.919,04","22.690,49","-","-0,71%"
"16.08.2017","22.887,94","22.702,38","22.911,10","22.656,87","-","0,82%"
"15.08.2017","22.702,38","22.539,96","22.719,36","22.237,24","-","0,72%"
"14.08.2017","22.539,96","21.632,98","22.561,62","21.632,98","-","4,19%"
"11.08.2017","21.632,98","21.132,97","21.729,03","21.129,11","-","2,37%"
"10.08.2017","21.132,97","20.924,99","21.228,78","20.904,59","-","0,99%"
"09.08.2017","20.924,99","21.255,71","21.265,89","20.845,22","-","-1,56%"
"08.08.2017","21.255,71","21.478,44","21.559,98","21.220,01","-","-1,04%"
"07.08.2017","21.478,44","21.703,90","21.802,47","21.458,13","-","-1,04%"
"04.08.2017","21.703,90","21.779,54","21.823,10","21.694,07","-","-0,35%"
"03.08.2017","21.779,54","21.798,64","21.877,75","21.739,62","-","-0,09%"
"02.08.2017","21.798,64","21.522,30","21.850,20","21.514,05","-","1,28%"
"01.08.2017","21.522,30","21.582,40","21.710,63","21.498,98","-","-0,28%"
"31.07.2017","21.582,40","21.689,22","21.689,22","21.382,98","-","-0,49%"
"28.07.2017","21.689,22","21.294,02","21.705,54","21.271,68","-","1,86%"
"27.07.2017","21.294,02","21.202,91","21.356,79","21.198,02","-","0,43%"
"26.07.2017","21.202,91","21.243,25","21.304,39","21.106,75","-","-0,19%"
"25.07.2017","21.243,25","21.310,37","21.406,88","21.162,92","-","-0,31%"
"24.07.2017","21.310,37","21.498,58","21.620,13","21.258,60","-","-0,88%"
"21.07.2017","21.498,58","21.465,20","21.727,19","21.459,46","-","0,16%"
"20.07.2017","21.465,20","21.450,40","21.633,10","21.450,40","-","0,07%"
"19.07.2017","21.450,40","21.046,43","21.515,51","21.040,81","-","1,92%"
"18.07.2017","21.046,43","21.296,50","21.309,18","20.863,82","-","-1,17%"
"17.07.2017","21.296,50","21.880,16","21.882,07","21.255,90","-","-2,67%"
"14.07.2017","21.880,16","21.976,37","22.032,37","21.703,92","-","-0,44%"
"13.07.2017","21.976,37","22.227,43","22.240,45","21.857,62","-","-1,29%"
"12.07.2017","22.262,64","22.127,33","22.366,54","22.118,11","-","0,61%"
"11.07.2017","22.127,33","21.956,55","22.144,41","21.946,22","-","0,78%"
"10.07.2017","21.956,55","22.027,84","22.122,57","21.941,39","-","-0,32%"
"07.07.2017","22.027,84","22.223,00","22.251,11","21.845,58","-","-0,89%"
"06.07.2017","22.225,15","22.433,62","22.605,85","22.210,91","-","-0,85%"
"05.07.2017","22.415,77","22.385,79","22.573,14","22.366,21","-","0,13%"
"04.07.2017","22.385,79","22.217,01","22.469,82","22.214,99","-","0,76%"
"03.07.2017","22.217,01","21.869,42","22.337,96","21.869,42","-","1,39%"
"30.06.2017","21.912,63","21.460,77","21.939,45","21.460,77","-","2,11%"
"29.06.2017","21.460,77","21.394,32","21.540,48","21.300,96","-","0,31%"
"28.06.2017","21.394,31","21.289,75","21.410,54","21.284,14","-","0,79%"
"27.06.2017","21.226,89","21.309,48","21.469,93","21.164,54","-","-0,33%"
"26.06.2017","21.297,04","21.081,78","21.313,98","21.081,78","-","1,10%"
"23.06.2017","21.066,14","21.004,28","21.154,01","20.874,57","-","0,33%"
"22.06.2017","20.996,86","20.614,35","21.085,69","20.614,35","-","1,86%"
"21.06.2017","20.614,35","21.624,45","21.624,45","20.461,53","-","-4,82%"
"19.06.2017","21.657,19","21.464,23","21.725,97","21.464,23","-","1,72%"
"16.06.2017","21.291,38","21.007,12","21.291,38","21.007,12","-","1,34%"
"15.06.2017","21.009,41","21.186,65","21.186,65","20.906,83","-","-0,80%"
"14.06.2017","21.178,35","21.397,36","21.460,88","21.148,18","-","-1,01%"
"13.06.2017","21.394,92","21.150,76","21.407,10","21.102,25","-","1,18%"
"12.06.2017","21.145,05","21.612,87","21.612,87","21.102,76","-","-2,17%"
"09.06.2017","21.614,25","21.918,39","21.948,63","21.590,11","-","-1,43%"
"08.06.2017","21.928,76","22.228,09","22.349,67","21.903,08","-","-1,30%"
"07.06.2017","22.218,66","22.361,74","22.501,72","22.120,27","-","-0,61%"
"06.06.2017","22.355,60","22.412,69","22.412,69","21.682,89","-","-0,39%"
"05.06.2017","22.443,60","22.519,85","22.557,60","22.247,23","-","-0,33%"
"02.06.2017","22.518,99","22.565,58","22.565,58","22.428,48","-","0,00%"
"01.06.2017","22.518,66","22.461,90","22.594,93","22.461,90","-","0,76%"
"31.05.2017","22.348,61","22.325,93","22.413,95","22.191,45","-","0,17%"
"30.05.2017","22.310,58","22.336,59","22.349,68","22.165,97","-","-0,16%"
"29.05.2017","22.347,43","22.148,88","22.624,41","22.148,88","-","0,93%"
"26.05.2017","22.141,71","21.892,09","22.151,22","21.843,85","-","2,11%"
"24.05.2017","21.684,59","21.520,66","21.707,50","21.520,66","-","0,76%"
"23.05.2017","21.520,66","21.503,86","21.640,85","21.452,22","-","0,09%"
"22.05.2017","21.500,84","21.556,09","21.556,09","21.350,79","-","-0,53%"
"19.05.2017","21.614,87","21.033,89","21.636,43","21.033,89","-","2,76%"
"18.05.2017","21.033,96","21.660,38","21.660,38","20.686,48","-","-2,95%"
"17.05.2017","21.674,24","21.836,87","21.836,87","21.646,78","-","-0,73%"
"16.05.2017","21.833,61","21.659,05","21.833,61","21.659,05","-","0,82%"
"15.05.2017","21.656,60","21.623,29","21.683,05","21.576,89","-","0,72%"
"12.05.2017","21.502,41","21.432,90","21.666,84","21.432,90","-","0,35%"
"11.05.2017","21.426,58","21.520,75","21.550,76","21.408,14","-","-0,39%"
"10.05.2017","21.510,00","21.143,61","21.510,00","21.143,61","-","1,75%"
"09.05.2017","21.140,16","21.041,65","21.175,89","21.035,95","-","0,30%"
"08.05.2017","21.076,71","21.169,68","21.169,68","21.041,87","-","-0,44%"
"05.05.2017","21.169,68","20.971,78","21.169,68","20.968,11","-","0,88%"
"04.05.2017","20.985,52","21.216,73","21.216,73","20.853,68","-","-1,07%"
"03.05.2017","21.212,03","21.158,84","21.252,94","21.098,62","-","0,26%"
"02.05.2017","21.157,45","21.041,64","21.159,69","21.021,80","-","0,65%"
"28.04.2017","21.019,91","20.907,40","21.019,91","20.871,69","-","0,62%"
"27.04.2017","20.889,45","21.028,89","21.028,89","20.615,09","-","-0,66%"
"26.04.2017","21.027,67","21.201,08","21.226,07","21.027,67","-","-0,81%"
"25.04.2017","21.198,87","21.169,87","21.315,37","21.052,52","-","0,14%"
"24.04.2017","21.169,87","20.779,35","21.171,47","20.779,35","-","1,93%"
"21.04.2017","20.768,98","20.673,73","20.768,98","20.601,58","-","0,49%"
"20.04.2017","20.668,71","20.512,97","20.676,73","20.512,97","-","0,76%"
"19.04.2017","20.513,17","20.660,56","20.844,03","20.496,01","-","-0,76%"
"18.04.2017","20.669,72","20.729,41","20.787,44","20.603,34","-","-0,38%"
"17.04.2017","20.748,13","20.807,78","20.807,78","20.663,87","-","-0,31%"
"12.04.2017","20.812,17","20.994,80","20.995,33","20.646,02","-","-0,87%"
"11.04.2017","20.994,80","20.934,33","21.050,83","20.925,66","-","0,33%"
"10.04.2017","20.926,18","20.735,03","20.935,00","20.735,03","-","0,96%"
"07.04.2017","20.727,56","20.812,27","20.911,16","20.715,14","-","-0,41%"
"06.04.2017","20.812,82","20.753,74","20.921,62","20.719,29","-","0,63%"
"05.04.2017","20.683,02","20.848,18","20.961,74","20.676,36","-","-0,73%"
"04.04.2017","20.834,74","20.561,90","20.834,74","20.561,90","-","1,33%"
"03.04.2017","20.561,90","20.281,62","20.561,90","20.281,62","-","1,46%"
"31.03.2017","20.265,32","20.250,25","20.322,64","20.194,75","-","0,08%"
"30.03.2017","20.248,42","20.200,21","20.267,56","20.144,64","-","0,22%"
"29.03.2017","20.203,27","20.066,82","20.230,69","20.060,45","-","0,90%"
"28.03.2017","20.022,42","19.808,51","20.052,07","19.808,51","-","1,11%"
"27.03.2017","19.801,71","19.705,10","19.881,41","19.701,97","-","0,49%"
"23.03.2017","19.705,10","19.675,83","19.790,71","19.646,45","-","0,20%"
"22.03.2017","19.666,59","19.537,45","19.666,59","19.509,07","-","0,67%"
"21.03.2017","19.535,20","19.794,89","19.811,59","19.460,55","-","-1,31%"
"20.03.2017","19.793,52","19.436,74","19.793,52","19.436,74","-","1,85%"
"17.03.2017","19.434,00","19.602,07","19.658,86","19.402,54","-","-0,85%"
"16.03.2017","19.601,29","19.369,76","19.627,14","19.369,76","-","1,20%"
"15.03.2017","19.368,39","19.067,75","19.368,39","19.019,86","-","1,61%"
"14.03.2017","19.062,24","19.192,04","19.192,04","18.925,61","-","-0,66%"
"13.03.2017","19.188,25","18.895,91","19.188,25","18.895,91","-","1,55%"
"10.03.2017","18.895,91","18.807,42","18.979,80","18.807,35","-","0,59%"
"09.03.2017","18.785,49","19.223,43","19.229,32","18.717,51","-","-2,32%"
"08.03.2017","19.232,61","19.248,65","19.267,46","19.177,83","-","-0,08%"
"07.03.2017","19.248,16","19.197,34","19.345,16","19.171,08","-","0,26%"
"06.03.2017","19.197,34","19.265,45","19.343,59","19.038,82","-","-0,35%"
"03.03.2017","19.265,45","18.959,77","19.265,45","18.928,19","-","1,58%"
"02.03.2017","18.966,51","19.358,97","19.414,19","18.924,04","-","-2,03%"
"01.03.2017","19.358,97","19.111,87","19.370,61","19.059,53","-","1,26%"
"24.02.2017","19.117,45","19.538,09","19.538,09","19.030,43","-","-2,15%"
"23.02.2017","19.538,09","19.918,28","20.133,04","19.454,17","-","-1,89%"
"22.02.2017","19.915,25","20.077,50","20.084,02","19.845,80","-","-0,79%"
"21.02.2017","20.072,92","20.040,36","20.234,96","19.935,11","-","0,17%"
"20.02.2017","20.038,39","19.742,29","20.049,19","19.735,80","-","1,81%"
"17.02.2017","19.681,34","19.565,77","19.712,44","19.421,97","-","0,60%"
"16.02.2017","19.563,21","19.661,98","19.744,39","19.463,96","-","-0,48%"
"15.02.2017","19.657,07","19.606,38","19.667,65","19.551,42","-","0,26%"
"14.02.2017","19.606,38","19.576,90","19.609,74","19.446,71","-","0,51%"
"13.02.2017","19.507,54","19.687,83","19.743,46","19.427,21","-","0,02%"
"10.02.2017","19.502,93","19.331,62","19.513,59","19.300,74","-","1,04%"
"09.02.2017","19.302,25","19.145,67","19.378,85","19.145,67","-","0,81%"
"08.02.2017","19.147,92","19.199,83","19.199,83","18.950,79","-","-0,24%"
"07.02.2017","19.194,32","19.252,58","19.365,99","19.100,32","-","-0,28%"
"06.02.2017","19.248,66","19.199,12","19.290,08","19.183,80","-","0,25%"
"03.02.2017","19.200,50","19.374,99","19.487,18","19.146,15","-","-0,90%"
"02.02.2017","19.374,99","19.205,25","19.379,13","19.125,27","-","0,91%"
"01.02.2017","19.200,76","19.066,42","19.303,26","18.983,82","-","0,72%"
"31.01.2017","19.062,59","18.780,56","19.062,59","18.780,56","-","1,52%"
"30.01.2017","18.777,50","19.221,09","19.221,09","18.737,54","-","-2,28%"
"27.01.2017","19.215,78","19.200,63","19.218,44","19.070,87","-","0,18%"
"26.01.2017","19.180,40","19.408,95","19.557,54","19.180,40","-","-1,17%"
"25.01.2017","19.406,63","19.365,60","19.452,04","19.305,17","-","0,20%"
"24.01.2017","19.366,94","19.468,26","19.721,22","19.330,27","-","-0,53%"
"23.01.2017","19.470,59","19.039,11","19.470,59","18.993,60","-","2,26%"
"20.01.2017","19.039,49","18.571,84","19.044,28","18.563,05","-","2,18%"
"19.01.2017","18.633,46","18.861,25","18.937,20","18.571,90","-","-1,25%"
"18.01.2017","18.870,09","18.879,26","19.024,91","18.785,26","-","-0,03%"
"17.01.2017","18.875,55","18.996,13","19.056,55","18.866,28","-","-0,64%"
"16.01.2017","18.997,45","18.912,94","19.019,33","18.860,42","-","0,59%"
"13.01.2017","18.885,09","18.600,35","18.892,20","18.600,35","-","1,58%"
"12.01.2017","18.591,28","18.594,60","18.733,52","18.457,17","-","0,67%"
"11.01.2017","18.467,76","18.821,13","18.892,07","18.413,13","-","-1,68%"
"10.01.2017","18.783,32","18.511,69","18.832,57","18.511,69","-","1,48%"
"09.01.2017","18.509,93","18.384,14","18.518,20","18.317,89","-","1,23%"
"06.01.2017","18.284,28","18.226,59","18.308,38","18.200,90","-","0,34%"
"05.01.2017","18.222,70","18.233,95","18.296,93","17.910,11","-","0,44%"
"04.01.2017","18.143,10","17.915,30","18.157,08","17.903,79","-","1,29%"
"03.01.2017","17.911,22","17.526,34","17.932,54","17.526,34","-","2,32%"
"02.01.2017","17.504,82","16.921,64","17.527,52","16.921,64","-","3,47%"
"30.12.2016","16.917,86","16.508,26","16.939,84","16.508,26","-","0,00%"
"29.12.2016","16.917,86","16.508,26","16.939,84","16.508,26","-","2,48%"
"28.12.2016","16.508,26","16.389,62","16.619,84","16.385,37","-","0,74%"
"27.12.2016","16.386,74","16.134,70","16.386,74","16.026,00","-","1,70%"
"26.12.2016","16.113,26","16.354,52","16.394,39","15.995,30","-","-1,48%"
"23.12.2016","16.354,52","16.386,10","16.451,75","16.274,09","-","-0,15%"
"22.12.2016","16.378,45","16.594,60","16.674,94","16.363,77","-","-1,26%"
"21.12.2016","16.587,29","16.073,80","16.591,82","16.068,93","-","3,26%"
"20.12.2016","16.064,06","16.000,77","16.164,45","15.933,23","-","0,42%"
"19.12.2016","15.996,13","16.577,80","16.592,02","15.966,61","-","-3,43%"
"16.12.2016","16.563,50","16.737,20","16.746,10","16.515,00","-","-1,05%"
"15.12.2016","16.738,59","16.888,18","16.888,18","16.603,69","-","-1,06%"
"14.12.2016","16.918,41","17.197,47","17.275,47","16.918,41","-","-1,62%"
"13.12.2016","17.197,47","17.186,24","17.234,19","17.082,24","-","0,23%"
"12.12.2016","17.157,49","17.207,74","17.313,55","17.028,74","-","-0,23%"
"07.12.2016","17.196,77","17.220,93","17.268,87","17.148,01","-","-0,22%"
"06.12.2016","17.235,21","16.997,57","17.235,21","16.913,73","-","1,39%"
"05.12.2016","16.999,02","16.954,70","17.051,16","16.925,00","-","0,30%"
"02.12.2016","16.947,76","17.043,37","17.072,04","16.848,45","-","-0,55%"
"01.12.2016","17.041,98","17.304,76","17.514,65","16.978,42","-","-2,30%"
"30.11.2016","17.442,40","17.044,87","17.514,22","17.044,87","-","2,35%"
"29.11.2016","17.042,18","17.145,80","17.145,80","16.857,61","-","-0,74%"
"25.11.2016","17.168,64","17.378,12","17.378,12","17.138,32","-","-1,25%"
"24.11.2016","17.385,18","17.376,94","17.525,86","17.349,80","-","0,11%"
"23.11.2016","17.366,45","17.314,04","17.393,73","17.180,30","-","0,34%"
"22.11.2016","17.306,81","16.922,27","17.306,81","16.922,27","-","2,75%"
"21.11.2016","16.844,29","16.394,86","16.847,66","16.394,86","-","2,80%"
"18.11.2016","16.385,12","16.469,42","16.529,98","16.296,51","-","-0,53%"
"17.11.2016","16.471,68","16.525,09","16.811,38","16.450,97","-","-0,30%"
"16.11.2016","16.520,85","16.513,16","16.520,85","16.242,80","-","0,26%"
"15.11.2016","16.478,38","15.705,90","16.478,38","15.705,90","-","5,00%"
"14.11.2016","15.693,73","15.585,45","15.693,73","15.188,55","-","0,22%"
"11.11.2016","15.659,74","16.230,01","16.230,01","15.438,72","-","-3,52%"
"10.11.2016","16.230,73","17.060,89","17.115,34","16.197,74","-","-4,66%"
"09.11.2016","17.024,89","16.299,31","17.045,67","16.299,31","-","-0,66%"
"08.11.2016","17.138,39","17.267,13","17.321,18","17.049,13","-","-0,69%"
"07.11.2016","17.257,56","16.754,93","17.257,56","16.754,93","-","3,00%"
"04.11.2016","16.754,93","16.719,90","16.880,77","16.643,76","-","0,29%"
"03.11.2016","16.706,08","16.807,36","17.087,45","16.695,51","-","-0,60%"
"02.11.2016","16.807,36","17.111,12","17.111,12","16.518,75","-","-1,76%"
"01.11.2016","17.107,63","17.623,77","17.682,24","16.893,37","-","-2,85%"
"31.10.2016","17.610,13","17.882,84","17.882,84","17.566,12","-","-1,45%"
"28.10.2016","17.869,06","18.066,82","18.130,67","17.826,03","-","-1,09%"
"27.10.2016","18.065,61","18.187,58","18.250,85","18.017,39","-","-0,67%"
"26.10.2016","18.187,58","18.359,09","18.370,54","18.091,13","-","-1,20%"
"25.10.2016","18.409,07","18.394,76","18.431,54","18.120,94","-","0,10%"
"24.10.2016","18.390,65","18.255,05","18.406,97","18.208,84","-","0,73%"
"21.10.2016","18.257,28","18.147,31","18.312,97","18.067,29","-","0,61%"
"20.10.2016","18.147,31","18.122,63","18.149,66","17.949,70","-","0,12%"
"19.10.2016","18.125,39","17.851,62","18.214,77","17.847,00","-","1,56%"
"18.10.2016","17.847,63","17.662,74","17.870,53","17.662,74","-","1,04%"
"17.10.2016","17.664,00","17.432,40","17.671,17","17.402,87","-","1,43%"
"14.10.2016","17.414,89","17.246,63","17.437,98","17.231,65","-","1,04%"
"13.10.2016","17.234,81","17.210,31","17.268,30","16.963,63","-","0,16%"
"12.10.2016","17.207,90","17.154,13","17.207,90","17.089,60","-","0,28%"
"11.10.2016","17.159,16","17.136,22","17.183,10","17.030,37","-","0,13%"
"07.10.2016","17.136,22","17.123,48","17.159,91","16.988,59","-","-0,04%"
"06.10.2016","17.143,32","17.134,20","17.160,80","17.042,92","-","0,43%"
"05.10.2016","17.070,65","16.940,33","17.092,12","16.940,33","-","1,17%"
"04.10.2016","16.873,83","16.855,65","16.990,30","16.765,14","-","0,16%"
"03.10.2016","16.846,88","16.679,62","16.859,54","16.679,62","-","1,03%"
"30.09.2016","16.675,68","16.732,41","16.798,73","16.675,68","-","-0,40%"
"29.09.2016","16.743,43","16.751,86","16.939,00","16.611,42","-","-0,07%"
"28.09.2016","16.755,17","16.456,31","16.769,82","16.334,80","-","2,49%"
"27.09.2016","16.348,50","16.367,87","16.404,21","16.129,14","-","-0,05%"
"26.09.2016","16.356,44","16.456,98","16.456,98","16.299,12","-","-0,52%"
"23.09.2016","16.441,71","16.638,64","16.643,05","16.306,22","-","-1,21%"
"22.09.2016","16.643,05","16.312,44","16.643,05","16.312,44","-","2,15%"
"21.09.2016","16.292,48","16.070,80","16.292,48","15.976,77","-","1,75%"
"20.09.2016","16.012,84","15.995,61","16.200,93","15.947,59","-","0,14%"
"19.09.2016","15.990,69","15.826,58","16.164,16","15.826,58","-","1,03%"
"16.09.2016","15.828,16","15.769,78","15.833,11","15.651,36","-","-0,15%"
"15.09.2016","15.851,53","15.556,50","15.863,27","15.546,34","-","1,96%"
"14.09.2016","15.546,36","15.536,45","15.669,87","15.503,94","-","0,17%"
"13.09.2016","15.520,58","15.901,64","15.901,64","15.427,36","-","-3,35%"
"12.09.2016","16.058,32","15.904,62","16.062,02","15.862,07","-","0,52%"
"09.09.2016","15.975,57","16.461,72","16.461,72","15.959,52","-","-2,93%"
"08.09.2016","16.457,90","16.313,09","16.497,85","16.313,09","-","0,87%"
"07.09.2016","16.315,51","16.271,49","16.322,85","16.164,47","-","0,24%"
"06.09.2016","16.276,29","16.023,82","16.276,29","16.008,29","-","1,69%"
"05.09.2016","16.006,33","15.965,68","16.085,40","15.942,64","-","0,25%"
"02.09.2016","15.965,65","15.950,51","15.978,27","15.864,02","-","1,43%"
"01.09.2016","15.740,92","15.649,47","15.772,25","15.565,98","-","0,58%"
"31.08.2016","15.649,47","15.923,74","15.923,74","15.560,45","-","-1,40%"
"30.08.2016","15.872,08","16.045,64","16.128,82","15.845,48","-","-1,01%"
"29.08.2016","16.033,28","15.770,25","16.045,89","15.764,02","-","1,71%"
"26.08.2016","15.764,02","15.897,46","16.019,41","15.746,30","-","-0,86%"
"25.08.2016","15.900,77","15.819,89","15.951,21","15.819,27","-","0,54%"
"24.08.2016","15.815,12","15.842,04","15.948,26","15.802,04","-","-0,11%"
"23.08.2016","15.832,48","15.499,20","15.839,97","15.499,20","-","2,16%"
"22.08.2016","15.497,15","15.602,26","15.602,26","15.425,62","-","-0,65%"
"19.08.2016","15.598,22","15.561,49","15.642,41","15.489,16","-","0,22%"
"18.08.2016","15.564,64","15.413,17","15.654,27","15.409,49","-","1,05%"
"17.08.2016","15.402,30","15.230,81","15.410,33","15.151,60","-","1,13%"
"16.08.2016","15.230,81","15.207,79","15.486,64","15.203,86","-","0,43%"
"12.08.2016","15.165,61","15.318,82","15.442,32","15.165,61","-","-0,97%"
"11.08.2016","15.313,85","15.349,62","15.441,61","15.305,05","-","-0,21%"
"10.08.2016","15.346,41","15.507,68","15.512,11","15.214,79","-","-0,70%"
"09.08.2016","15.454,94","15.383,12","15.561,97","15.366,32","-","0,53%"
"08.08.2016","15.372,77","15.382,55","15.498,62","15.346,92","-","-0,14%"
"05.08.2016","15.394,31","15.564,73","15.633,99","15.376,50","-","-1,06%"
"04.08.2016","15.559,55","15.509,28","15.606,12","15.401,07","-","0,84%"
"03.08.2016","15.429,76","15.061,64","15.435,41","15.061,64","-","2,44%"
"02.08.2016","15.061,64","15.446,32","15.501,18","15.026,20","-","-2,47%"
"01.08.2016","15.442,47","15.639,26","15.672,91","15.410,34","-","-2,28%"
"29.07.2016","15.803,50","15.458,09","15.822,25","15.455,14","-","2,25%"
"28.07.2016","15.455,14","15.698,69","15.698,69","15.410,01","-","-1,55%"
"27.07.2016","15.698,69","15.757,70","15.830,78","15.513,05","-","-0,37%"
"26.07.2016","15.757,70","15.786,31","15.860,25","15.713,31","-","0,29%"
"25.07.2016","15.712,61","15.886,91","15.886,91","15.623,87","-","-0,85%"
"22.07.2016","15.846,54","15.781,72","15.846,54","15.651,58","-","0,43%"
"21.07.2016","15.778,51","15.963,85","16.046,06","15.728,99","-","-0,96%"
"20.07.2016","15.931,79","15.845,31","15.931,79","15.681,19","-","0,63%"
"19.07.2016","15.832,55","16.079,36","16.143,22","15.661,06","-","-1,04%"
"18.07.2016","15.999,10","15.615,40","15.999,10","15.609,55","-","2,27%"
"15.07.2016","15.643,26","15.524,56","15.643,26","15.376,67","-","1,12%"
"14.07.2016","15.469,65","15.157,23","15.475,92","15.157,23","-","2,14%"
"13.07.2016","15.145,15","15.020,53","15.160,80","14.983,06","-","0,30%"
"12.07.2016","15.100,58","14.977,30","15.259,13","14.977,30","-","0,82%"
"11.07.2016","14.977,30","14.691,52","15.067,41","14.691,52","-","1,96%"
"07.07.2016","14.689,61","14.935,69","14.998,65","14.689,61","-","-0,01%"
"06.07.2016","14.691,12","14.745,72","14.745,72","14.478,45","-","-0,78%"
"05.07.2016","14.806,78","15.229,35","15.229,35","14.748,76","-","-2,77%"
"04.07.2016","15.229,31","15.173,50","15.347,91","15.173,50","-","0,78%"
"01.07.2016","15.111,69","14.693,22","15.123,68","14.693,22","-","2,92%"
"30.06.2016","14.683,49","14.642,92","14.715,88","14.557,50","-","0,51%"
"29.06.2016","14.608,29","14.141,52","14.636,91","14.141,52","-","3,30%"
"28.06.2016","14.141,52","14.034,43","14.178,02","14.003,33","-","2,67%"
"27.06.2016","13.773,94","13.921,99","13.921,99","13.585,96","-","-1,08%"
"24.06.2016","13.924,54","14.227,63","14.227,63","13.556,00","-","-2,23%"
"23.06.2016","14.242,85","13.931,10","14.242,85","13.931,10","-","3,64%"
"22.06.2016","13.742,29","13.686,97","13.954,78","13.686,97","-","0,45%"
"21.06.2016","13.681,29","13.076,79","13.681,87","13.076,79","-","4,65%"
"16.06.2016","13.073,38","13.119,61","13.119,61","12.863,31","-","-0,33%"
"15.06.2016","13.116,16","13.040,25","13.227,11","13.040,25","-","0,60%"
"14.06.2016","13.038,32","13.183,30","13.192,37","12.933,86","-","-1,03%"
"13.06.2016","13.174,17","13.251,58","13.313,43","13.140,70","-","-1,13%"
"10.06.2016","13.324,43","13.528,37","13.528,37","13.267,03","-","-1,51%"
"09.06.2016","13.528,37","13.625,82","13.627,34","13.457,19","-","-0,71%"
"08.06.2016","13.624,89","13.256,14","13.658,00","13.240,76","-","2,68%"
"07.06.2016","13.269,05","12.852,57","13.285,93","12.852,57","-","3,24%"
"06.06.2016","12.852,29","12.791,08","12.890,96","12.791,08","-","0,48%"
"03.06.2016","12.791,08","12.721,35","12.899,53","12.712,15","-","0,58%"
"02.06.2016","12.717,90","12.627,65","12.730,94","12.548,86","-","0,73%"
"01.06.2016","12.626,03","12.684,27","12.684,27","12.519,98","-","-0,44%"
"31.05.2016","12.681,74","12.770,39","12.893,86","12.593,09","-","-0,52%"
"30.05.2016","12.748,32","12.729,08","12.778,07","12.694,67","-","0,16%"
"27.05.2016","12.727,46","12.732,92","12.799,78","12.686,85","-","0,11%"
"26.05.2016","12.713,75","12.381,50","12.741,86","12.381,50","-","2,68%"
"24.05.2016","12.381,50","12.478,73","12.631,94","12.356,95","-","-0,74%"
"23.05.2016","12.474,34","12.667,68","12.667,68","12.453,56","-","-1,44%"
"20.05.2016","12.656,28","12.627,58","12.804,78","12.627,58","-","0,24%"
"19.05.2016","12.626,30","12.815,15","12.817,69","12.351,04","-","-1,59%"
"18.05.2016","12.829,93","13.032,23","13.058,82","12.804,06","-","-1,52%"
"17.05.2016","13.028,43","13.202,58","13.252,05","12.977,43","-","-1,32%"
"16.05.2016","13.202,58","13.128,38","13.364,49","13.128,38","-","0,62%"
"13.05.2016","13.121,56","13.365,57","13.375,85","13.082,10","-","-1,86%"
"12.05.2016","13.370,64","13.536,91","13.540,71","13.307,84","-","-1,23%"
"11.05.2016","13.536,91","13.464,43","13.626,45","13.404,76","-","0,60%"
"10.05.2016","13.456,54","13.269,86","13.510,59","13.269,31","-","1,40%"
"09.05.2016","13.270,26","13.453,91","13.453,91","12.973,70","-","-1,37%"
"06.05.2016","13.453,91","13.362,91","13.501,30","13.362,91","-","0,79%"
"05.05.2016","13.348,13","13.225,76","13.565,56","13.132,98","-","0,97%"
"04.05.2016","13.220,12","13.166,20","13.385,64","13.163,92","-","0,41%"
"03.05.2016","13.166,20","13.549,01","13.549,01","13.090,87","-","-2,83%"
"02.05.2016","13.549,01","13.727,77","13.741,77","13.508,61","-","-1,28%"
"29.04.2016","13.724,07","13.739,31","13.879,54","13.669,15","-","-0,11%"
"28.04.2016","13.739,31","13.753,79","13.792,51","13.670,31","-","-0,02%"
"27.04.2016","13.742,16","13.622,76","13.794,32","13.545,88","-","0,88%"
"26.04.2016","13.621,81","13.374,08","13.646,55","13.374,08","-","1,85%"
"25.04.2016","13.374,08","13.914,13","13.914,13","13.365,29","-","-3,89%"
"22.04.2016","13.915,48","13.902,92","14.187,24","13.865,09","-","-0,06%"
"21.04.2016","13.923,66","13.881,14","14.094,46","13.854,89","-","0,35%"
"20.04.2016","13.874,86","13.864,49","14.064,61","13.814,17","-","0,07%"
"19.04.2016","13.864,49","13.240,55","13.878,50","13.225,77","-","4,95%"
"18.04.2016","13.210,57","13.238,25","13.285,16","13.092,33","-","-0,21%"
"15.04.2016","13.237,87","13.207,15","13.414,01","13.143,19","-","0,21%"
"14.04.2016","13.209,71","13.305,10","13.414,72","13.108,77","-","-0,67%"
"13.04.2016","13.298,19","12.690,92","13.298,19","12.690,92","-","4,76%"
"12.04.2016","12.693,58","12.188,59","12.702,48","12.188,59","-","4,18%"
"11.04.2016","12.184,46","12.234,69","12.495,46","12.166,45","-","-0,31%"
"08.04.2016","12.221,87","11.874,02","12.263,72","11.866,13","-","3,02%"
"07.04.2016","11.864,15","12.262,04","12.262,04","11.775,57","-","-3,24%"
"06.04.2016","12.262,04","12.488,65","12.542,50","12.166,79","-","-1,69%"
"05.04.2016","12.472,91","12.784,28","12.784,28","12.438,70","-","-2,44%"
"04.04.2016","12.784,28","13.179,84","13.179,84","12.750,65","-","-3,00%"
"01.04.2016","13.179,84","12.992,43","13.179,84","12.871,58","-","1,44%"
"31.03.2016","12.992,43","12.891,31","13.064,42","12.891,31","-","0,93%"
"30.03.2016","12.872,90","13.151,60","13.220,48","12.817,78","-","-0,44%"
"29.03.2016","12.929,57","12.869,75","13.049,13","12.738,72","-","0,42%"
"28.03.2016","12.875,62","12.583,10","12.904,71","12.583,10","-","3,01%"
"23.03.2016","12.499,17","12.926,33","12.926,33","12.472,82","-","-3,30%"
"22.03.2016","12.926,33","12.782,71","12.953,11","12.723,73","-","-0,09%"
"21.03.2016","12.937,97","12.912,51","12.996,99","12.708,93","-","0,24%"
"18.03.2016","12.906,43","12.987,05","13.036,00","12.880,72","-","-0,51%"
"17.03.2016","12.972,54","12.757,70","13.057,78","12.757,70","-","3,44%"
"16.03.2016","12.541,58","12.076,37","12.541,58","12.076,37","-","3,85%"
"15.03.2016","12.076,37","12.308,89","12.343,65","12.027,88","-","-3,74%"
"14.03.2016","12.545,81","12.828,98","12.891,70","12.531,70","-","-3,87%"
"11.03.2016","13.051,54","13.172,64","13.312,73","13.004,36","-","-0,92%"
"10.03.2016","13.172,64","13.331,35","13.495,32","13.081,34","-","-0,73%"
"09.03.2016","13.269,28","13.502,81","13.577,67","13.262,88","-","-1,01%"
"08.03.2016","13.405,18","13.237,10","13.424,00","13.087,17","-","1,28%"
"07.03.2016","13.235,96","13.261,65","13.428,22","13.211,18","-","-0,25%"
"04.03.2016","13.269,27","13.327,26","13.610,99","13.213,75","-","-0,44%"
"03.03.2016","13.327,87","13.335,67","13.447,50","13.230,86","-","0,81%"
"02.03.2016","13.221,04","13.155,01","13.262,58","12.796,96","-","-0,01%"
"01.03.2016","13.222,64","13.243,99","13.360,75","13.026,37","-","0,81%"
"29.02.2016","13.115,95","13.037,35","13.340,52","13.037,35","-","1,44%"
"26.02.2016","12.929,23","13.086,81","13.281,77","12.925,03","-","-0,05%"
"25.02.2016","12.935,94","12.681,63","12.946,65","12.680,40","-","2,45%"
"24.02.2016","12.627,13","12.533,86","12.671,14","12.088,39","-","0,75%"
"23.02.2016","12.533,25","12.555,80","12.608,73","12.405,48","-","0,06%"
"22.02.2016","12.525,49","11.827,96","12.527,40","11.827,96","-","5,91%"
"19.02.2016","11.826,05","11.991,07","11.991,07","11.757,55","-","-1,38%"
"18.02.2016","11.991,07","12.196,86","12.305,00","11.960,93","-","-0,56%"
"17.02.2016","12.058,95","11.553,66","12.099,05","11.553,66","-","4,37%"
"16.02.2016","11.553,66","11.535,72","11.584,34","11.358,64","-","0,87%"
"15.02.2016","11.454,47","11.411,94","11.555,85","11.411,94","-","1,58%"
"12.02.2016","11.276,39","11.010,51","11.355,10","11.010,51","-","2,41%"
"11.02.2016","11.010,89","11.340,71","11.340,71","10.855,56","-","-2,96%"
"10.02.2016","11.346,76","11.398,81","11.398,81","11.019,55","-","-0,47%"
"05.02.2016","11.400,34","11.435,01","11.529,72","11.400,34","-","-0,19%"
"04.02.2016","11.421,99","11.101,25","11.515,82","11.101,25","-","2,70%"
"03.02.2016","11.121,40","11.074,83","11.243,19","10.913,75","-","0,42%"
"02.02.2016","11.074,83","11.118,40","11.118,40","10.950,01","-","-1,57%"
"01.02.2016","11.251,85","11.298,73","11.298,73","11.122,72","-","-0,48%"
"29.01.2016","11.306,02","11.053,70","11.306,02","10.966,74","-","3,88%"
"28.01.2016","10.883,49","10.788,20","11.195,33","10.788,20","-","0,90%"
"27.01.2016","10.786,58","10.562,46","10.867,06","10.562,46","-","2,79%"
"26.01.2016","10.493,32","10.351,27","10.571,72","10.279,48","-","0,93%"
"25.01.2016","10.396,39","10.235,96","10.396,39","10.213,90","-","0,64%"
"22.01.2016","10.329,90","9.846,84","10.457,13","9.846,84","-","5,20%"
"21.01.2016","9.819,61","9.478,43","9.819,61","9.477,25","-","4,45%"
"20.01.2016","9.401,06","9.797,57","9.797,57","9.199,81","-","-4,08%"
"19.01.2016","9.801,27","9.934,80","10.065,63","9.792,67","-","0,45%"
"18.01.2016","9.757,12","10.055,97","10.063,10","9.665,05","-","-2,63%"
"15.01.2016","10.020,37","10.666,32","10.666,32","9.989,37","-","-6,06%"
"14.01.2016","10.666,32","10.301,81","10.666,32","10.217,22","-","3,50%"
"13.01.2016","10.305,92","10.665,34","10.920,13","10.232,21","-","-3,29%"
"12.01.2016","10.656,59","11.009,43","11.112,21","10.597,37","-","-2,73%"
"11.01.2016","10.955,95","11.301,70","11.393,01","10.942,52","-","-3,09%"
"08.01.2016","11.305,52","11.399,45","11.529,22","11.242,21","-","-0,74%"
"07.01.2016","11.390,37","11.220,41","11.432,43","11.087,80","-","-0,29%"
"06.01.2016","11.423,33","11.396,62","11.464,51","11.262,90","-","-0,90%"
"05.01.2016","11.527,22","11.563,18","11.591,04","11.450,71","-","0,08%"
"04.01.2016","11.517,62","11.689,44","11.689,44","11.319,90","-","-1,35%"
"30.12.2015","11.675,18","11.734,00","11.734,00","11.496,85","-","-0,20%"
"29.12.2015","11.698,43","11.820,01","11.923,30","11.698,43","-","-0,13%"
"28.12.2015","11.713,78","12.043,91","12.043,91","11.621,57","-","-2,72%"
"24.12.2015","12.040,85","11.621,46","12.075,55","11.621,46","-","0,00%"
"23.12.2015","12.040,85","11.621,46","12.075,55","11.621,46","-","5,26%"
"22.12.2015","11.439,48","11.085,95","11.473,76","11.085,95","-","2,94%"
"21.12.2015","11.112,85","11.404,19","11.564,38","10.906,59","-","-2,56%"
"18.12.2015","11.404,56","11.941,82","11.960,67","11.188,03","-","-4,47%"
"17.12.2015","11.938,33","12.237,57","12.397,84","11.875,56","-","-0,81%"
"16.12.2015","12.036,13","12.290,58","12.290,58","11.851,13","-","-2,20%"
"15.12.2015","12.307,13","12.390,12","12.464,51","12.285,90","-","-0,24%"
"14.12.2015","12.337,32","12.806,05","12.806,05","12.279,43","-","-3,46%"
"11.12.2015","12.779,23","13.121,80","13.121,80","12.721,12","-","-2,50%"
"10.12.2015","13.106,53","13.372,73","13.445,64","13.043,38","-","-1,48%"
"09.12.2015","13.302,89","13.024,43","13.523,15","12.957,34","-","1,78%"
"04.12.2015","13.070,63","12.919,56","13.070,63","12.758,36","-","1,17%"
"03.12.2015","12.919,56","12.680,41","13.096,88","12.680,41","-","1,68%"
"02.12.2015","12.706,04","12.860,40","12.864,67","12.665,52","-","-0,94%"
"01.12.2015","12.826,13","12.974,57","13.098,77","12.809,19","-","-1,13%"
"30.11.2015","12.972,14","13.116,78","13.153,91","12.885,25","-","-1,47%"
"26.11.2015","13.165,40","12.831,05","13.241,96","12.831,05","-","2,46%"
"25.11.2015","12.849,58","13.393,58","13.393,58","12.773,10","-","-4,06%"
"24.11.2015","13.393,58","13.463,12","13.555,00","13.191,06","-","-0,41%"
"23.11.2015","13.448,67","14.236,82","14.597,20","13.265,82","-","-5,12%"
"20.11.2015","14.173,87","13.900,10","14.299,40","13.865,54","-","2,88%"
"19.11.2015","13.776,68","13.779,87","13.955,81","13.532,14","-","0,02%"
"18.11.2015","13.773,89","13.756,43","13.906,84","13.665,02","-","0,20%"
"17.11.2015","13.746,01","13.679,37","13.964,13","13.679,37","-","-0,02%"
"16.11.2015","13.749,15","13.269,45","13.753,89","13.241,88","-","4,30%"
"13.11.2015","13.182,72","13.267,05","13.376,59","13.060,92","-","0,01%"
"12.11.2015","13.181,89","13.152,72","13.410,16","12.990,57","-","0,17%"
"11.11.2015","13.159,67","13.093,48","13.178,02","13.021,86","-","0,81%"
"10.11.2015","13.053,58","12.904,48","13.057,74","12.677,69","-","1,42%"
"09.11.2015","12.871,22","12.921,56","13.088,06","12.821,36","-","-0,22%"
"06.11.2015","12.899,46","12.799,10","12.909,67","12.719,25","-","0,00%"
"05.11.2015","12.899,46","12.799,10","12.909,67","12.719,25","-","0,78%"
"04.11.2015","12.799,10","12.896,52","13.025,28","12.703,47","-","-0,11%"
"03.11.2015","12.813,35","12.520,61","12.854,31","12.450,39","-","2,41%"
"02.11.2015","12.511,28","12.530,99","12.698,06","12.358,58","-","0,40%"
"30.10.2015","12.461,25","12.159,17","12.558,87","12.121,71","-","2,09%"
"29.10.2015","12.206,06","12.542,71","12.718,90","12.190,31","-","-1,03%"
"28.10.2015","12.333,07","11.697,29","12.531,52","11.697,29","-","5,47%"
"27.10.2015","11.693,81","11.726,81","11.726,81","11.383,97","-","-1,14%"
"26.10.2015","11.828,18","11.403,79","12.069,04","11.403,79","-","4,40%"
"23.10.2015","11.329,28","11.159,32","11.401,20","11.135,14","-","1,77%"
"22.10.2015","11.132,07","10.976,07","11.132,07","10.976,07","-","2,84%"
"21.10.2015","10.824,46","11.068,54","11.068,54","10.820,02","-","-2,21%"
"20.10.2015","11.068,54","11.097,86","11.202,59","11.056,35","-","0,01%"
"19.10.2015","11.067,86","11.014,93","11.119,26","11.000,04","-","-0,98%"
"16.10.2015","11.177,05","10.982,99","11.225,81","10.870,05","-","0,61%"
"15.10.2015","11.108,86","10.880,27","11.112,49","10.771,29","-","2,17%"
"14.10.2015","10.873,27","10.737,09","10.891,22","10.717,33","-","1,03%"
"13.10.2015","10.762,46","10.996,23","11.165,30","10.749,22","-","-3,62%"
"09.10.2015","11.166,37","11.278,27","11.393,98","11.157,59","-","-0,99%"
"08.10.2015","11.278,27","10.922,86","11.301,25","10.778,00","-","3,29%"
"07.10.2015","10.919,38","10.713,97","11.211,46","10.713,97","-","2,10%"
"06.10.2015","10.694,84","10.662,28","10.782,90","10.575,76","-","1,62%"
"05.10.2015","10.524,50","10.382,72","10.538,98","10.380,19","-","3,29%"
"02.10.2015","10.189,50","9.600,97","10.216,03","9.559,43","-","6,13%"
"01.10.2015","9.600,97","9.819,74","9.928,96","9.514,46","-","-2,18%"
"30.09.2015","9.814,62","9.662,88","9.929,85","9.662,88","-","1,61%"
"29.09.2015","9.659,57","9.600,95","9.741,35","9.590,82","-","2,64%"
"28.09.2015","9.411,37","9.799,31","9.799,31","9.345,77","-","-3,96%"
"25.09.2015","9.799,31","9.293,37","9.810,77","9.116,07","-","5,50%"
"24.09.2015","9.288,41","9.440,15","9.458,55","8.659,59","-","-2,45%"
"23.09.2015","9.521,27","9.681,23","9.757,00","9.327,70","-","-1,38%"
"22.09.2015","9.654,08","10.274,30","10.274,30","9.302,23","-","-6,06%"
"21.09.2015","10.276,80","10.555,28","10.569,44","10.237,35","-","-2,64%"
"18.09.2015","10.555,28","10.800,27","10.800,27","10.537,61","-","-2,27%"
"17.09.2015","10.800,27","10.744,57","11.017,09","10.717,31","-","0,92%"
"16.09.2015","10.701,96","10.671,12","10.944,12","10.671,12","-","0,39%"
"15.09.2015","10.660,73","10.721,55","10.835,43","10.631,54","-","-0,38%"
"14.09.2015","10.701,36","10.872,82","10.872,82","10.697,20","-","-1,71%"
"11.09.2015","10.887,94","11.048,78","11.048,78","10.876,29","-","-1,64%"
"10.09.2015","11.069,48","11.151,72","11.151,72","10.964,64","-","-0,80%"
"09.09.2015","11.158,65","11.311,37","11.337,98","11.087,79","-","-0,17%"
"08.09.2015","11.177,36","10.997,83","11.218,65","10.997,83","-","2,28%"
"07.09.2015","10.928,46","10.925,22","10.969,45","10.851,69","-","-0,00%"
"04.09.2015","10.928,62","10.982,16","10.982,16","10.838,92","-","-0,56%"
"03.09.2015","10.990,43","10.799,11","11.071,14","10.799,11","-","1,76%"
"02.09.2015","10.800,18","10.746,69","10.831,81","10.591,80","-","0,59%"
"01.09.2015","10.736,51","11.024,60","11.024,60","10.697,39","-","-2,69%"
"31.08.2015","11.032,87","10.961,50","11.101,16","10.667,15","-","0,65%"
"28.08.2015","10.961,50","10.950,27","11.189,14","10.896,81","-","0,35%"
"27.08.2015","10.922,85","10.550,57","10.922,85","10.501,48","-","6,15%"
"26.08.2015","10.290,17","9.898,73","10.290,17","9.898,31","-","5,24%"
"25.08.2015","9.777,73","10.146,64","10.272,30","9.773,11","-","-0,56%"
"24.08.2015","9.833,20","10.429,76","10.429,76","9.766,08","-","-6,31%"
"21.08.2015","10.495,44","10.842,56","10.842,56","10.302,87","-","-3,38%"
"20.08.2015","10.862,92","10.954,22","10.963,87","10.792,08","-","-0,83%"
"19.08.2015","10.954,22","11.205,59","11.205,59","10.795,71","-","-2,42%"
"18.08.2015","11.226,30","11.296,44","11.327,95","11.175,96","-","-1,98%"
"14.08.2015","11.452,99","11.676,36","11.676,36","11.415,35","-","-1,90%"
"13.08.2015","11.674,88","11.623,04","11.706,00","11.524,92","-","0,34%"
"12.08.2015","11.635,79","11.501,10","11.667,66","11.392,60","-","0,32%"
"11.08.2015","11.598,43","11.617,60","11.617,60","11.464,78","-","-1,96%"
"10.08.2015","11.830,19","11.178,67","11.862,77","11.178,05","-","5,93%"
"07.08.2015","11.167,45","11.270,65","11.301,45","11.128,69","-","-0,81%"
"06.08.2015","11.259,07","10.906,88","11.311,21","10.840,68","-","3,18%"
"05.08.2015","10.911,66","10.799,16","10.973,43","10.739,79","-","0,95%"
"04.08.2015","10.808,51","10.986,80","10.986,80","10.718,61","-","-0,83%"
"03.08.2015","10.899,44","11.100,95","11.100,95","10.886,61","-","-1,82%"
"31.07.2015","11.101,02","11.226,72","11.274,15","11.081,28","-","-1,10%"
"30.07.2015","11.224,56","11.314,02","11.320,90","11.077,57","-","-0,79%"
"29.07.2015","11.313,70","10.957,20","11.313,70","10.943,34","-","3,42%"
"28.07.2015","10.939,53","10.616,93","10.973,61","10.615,53","-","3,32%"
"27.07.2015","10.588,06","10.811,39","10.811,39","10.548,24","-","-2,90%"
"24.07.2015","10.904,07","11.615,04","11.615,04","10.865,73","-","-6,20%"
"23.07.2015","11.625,23","11.687,48","11.693,58","11.532,57","-","-0,49%"
"22.07.2015","11.682,30","12.159,27","12.159,27","11.645,56","-","-3,82%"
"21.07.2015","12.146,86","11.984,97","12.178,39","11.956,83","-","1,38%"
"20.07.2015","11.981,57","12.346,65","12.346,65","11.956,66","-","-3,20%"
"17.07.2015","12.377,74","12.358,00","12.421,73","12.192,44","-","-0,49%"
"16.07.2015","12.438,32","12.305,42","12.529,62","12.305,42","-","1,11%"
"15.07.2015","12.301,86","12.270,26","12.421,42","12.236,67","-","0,32%"
"14.07.2015","12.263,15","11.951,52","12.300,40","11.949,77","-","2,63%"
"13.07.2015","11.949,14","11.697,66","11.949,14","11.697,66","-","2,22%"
"10.07.2015","11.690,01","11.698,04","11.865,94","11.690,01","-","1,55%"
"08.07.2015","11.511,30","11.797,23","11.797,23","11.498,10","-","-2,80%"
"07.07.2015","11.842,55","11.666,48","11.859,76","11.348,73","-","0,45%"
"06.07.2015","11.789,22","11.604,03","11.832,04","11.576,18","-","0,20%"
"03.07.2015","11.766,12","11.809,20","11.859,40","11.754,58","-","-0,36%"
"02.07.2015","11.809,20","11.670,28","11.837,80","11.605,21","-","1,18%"
"01.07.2015","11.670,91","11.666,43","11.881,15","11.609,95","-","0,12%"
"30.06.2015","11.656,81","11.307,80","11.668,75","11.307,80","-","3,11%"
"29.06.2015","11.305,52","11.411,87","11.539,87","11.296,24","-","-3,24%"
"26.06.2015","11.684,42","11.466,94","11.684,42","11.466,94","-","2,02%"
"25.06.2015","11.453,26","11.544,15","11.552,59","11.403,99","-","-0,87%"
"24.06.2015","11.553,40","11.595,84","11.638,82","11.498,28","-","0,22%"
"23.06.2015","11.527,73","11.582,65","11.664,96","11.461,41","-","-0,47%"
"22.06.2015","11.582,65","11.243,56","11.600,54","11.243,56","-","3,22%"
"19.06.2015","11.221,67","11.264,18","11.380,97","11.221,67","-","-0,37%"
"18.06.2015","11.263,73","11.216,18","11.284,44","11.130,11","-","1,01%"
"17.06.2015","11.151,46","11.324,72","11.324,72","11.066,06","-","-1,70%"
"16.06.2015","11.343,79","11.222,48","11.461,47","11.190,84","-","1,09%"
"15.06.2015","11.221,58","11.272,53","11.343,06","11.199,20","-","-1,25%"
"12.06.2015","11.364,05","11.363,86","11.382,82","11.283,04","-","0,00%"
"11.06.2015","11.363,86","11.371,13","11.373,24","11.254,56","-","-0,01%"